dataset,repetition,method,group,n,ks_to_marginal
cps_wage,1,SR-TI,1,1948,0.0791186413018383
cps_wage,1,SR-TI,2,1948,0.036629067954938
cps_wage,1,SR-TI,3,1948,0.0091704577775632
cps_wage,1,SR-TI,4,1948,0.0416159504336278
cps_wage,1,SR-TI,5,1947,0.0729705825380912
cps_wage,1,ASR-TI,1,1948,0.0796364160017946
cps_wage,1,ASR-TI,2,1948,0.0351919703860071
cps_wage,1,ASR-TI,3,1948,0.00952361775819099
cps_wage,1,ASR-TI,4,1948,0.0419240956943368
cps_wage,1,ASR-TI,5,1947,0.0734882012725246
cps_wage,1,CQR-TI,1,1948,0.0782549806626462
cps_wage,1,CQR-TI,2,1948,0.0175626458366233
cps_wage,1,CQR-TI,3,1948,0.0102512327391742
cps_wage,1,CQR-TI,4,1948,0.0244977063577019
cps_wage,1,CQR-TI,5,1947,0.070322104408366
cps_wage,2,SR-TI,1,1948,0.0513885723333839
cps_wage,2,SR-TI,2,1948,0.0332299294966173
cps_wage,2,SR-TI,3,1948,0.00943907020461984
cps_wage,2,SR-TI,4,1948,0.0157364924741081
cps_wage,2,SR-TI,5,1947,0.0781075331693936
cps_wage,2,ASR-TI,1,1948,0.0523092656739252
cps_wage,2,ASR-TI,2,1948,0.0337567703930913
cps_wage,2,ASR-TI,3,1948,0.00961470140692611
cps_wage,2,ASR-TI,4,1948,0.015325930819017
cps_wage,2,ASR-TI,5,1947,0.0799737029642651
cps_wage,2,CQR-TI,1,1948,0.10084477975784
cps_wage,2,CQR-TI,2,1948,0.0425222538227196
cps_wage,2,CQR-TI,3,1948,0.0221845611950343
cps_wage,2,CQR-TI,4,1948,0.0330475513573678
cps_wage,2,CQR-TI,5,1947,0.109474806575925
cps_wage,3,SR-TI,1,1948,0.072145840102233
cps_wage,3,SR-TI,2,1948,0.0269285539437638
cps_wage,3,SR-TI,3,1948,0.0142893799206518
cps_wage,3,SR-TI,4,1948,0.0268634038339047
cps_wage,3,SR-TI,5,1947,0.0709117098542108
cps_wage,3,ASR-TI,1,1948,0.0715304456583777
cps_wage,3,ASR-TI,2,1948,0.0271340192578665
cps_wage,3,ASR-TI,3,1948,0.0141856984755929
cps_wage,3,ASR-TI,4,1948,0.0262476404169354
cps_wage,3,ASR-TI,5,1947,0.0698798475864649
cps_wage,3,CQR-TI,1,1948,0.107721384395558
cps_wage,3,CQR-TI,2,1948,0.036665121899229
cps_wage,3,CQR-TI,3,1948,0.0210555561763675
cps_wage,3,CQR-TI,4,1948,0.0360191026869044
cps_wage,3,CQR-TI,5,1947,0.104963639327485
cps_wage,4,SR-TI,1,1948,0.0691624289226006
cps_wage,4,SR-TI,2,1948,0.0366198963375307
cps_wage,4,SR-TI,3,1948,0.0169878911457628
cps_wage,4,SR-TI,4,1948,0.0155229097514955
cps_wage,4,SR-TI,5,1947,0.0895210394480323
cps_wage,4,ASR-TI,1,1948,0.0684430894814621
cps_wage,4,ASR-TI,2,1948,0.036523383512974
cps_wage,4,ASR-TI,3,1948,0.0169578989026318
cps_wage,4,ASR-TI,4,1948,0.0156195807073868
cps_wage,4,ASR-TI,5,1947,0.0875680109618094
cps_wage,4,CQR-TI,1,1948,0.0779457284825949
cps_wage,4,CQR-TI,2,1948,0.0671763520703503
cps_wage,4,CQR-TI,3,1948,0.0556600686543002
cps_wage,4,CQR-TI,4,1948,0.0447345639043512
cps_wage,4,CQR-TI,5,1947,0.14982380659085
cps_wage,5,SR-TI,1,1948,0.0548719947930514
cps_wage,5,SR-TI,2,1948,0.0483264644595609
cps_wage,5,SR-TI,3,1948,0.0227561532592028
cps_wage,5,SR-TI,4,1948,0.012239945113668
cps_wage,5,SR-TI,5,1947,0.0994044721309381
cps_wage,5,ASR-TI,1,1948,0.0523043108921074
cps_wage,5,ASR-TI,2,1948,0.0492498987432354
cps_wage,5,ASR-TI,3,1948,0.0235769603067157
cps_wage,5,ASR-TI,4,1948,0.0104994989345111
cps_wage,5,ASR-TI,5,1947,0.0989922756940218
cps_wage,5,CQR-TI,1,1948,0.0656427943873075
cps_wage,5,CQR-TI,2,1948,0.0568922807240222
cps_wage,5,CQR-TI,3,1948,0.0524793095690753
cps_wage,5,CQR-TI,4,1948,0.0556314468827359
cps_wage,5,CQR-TI,5,1947,0.113166221852075
cps_wage,6,SR-TI,1,1948,0.0672095596506184
cps_wage,6,SR-TI,2,1948,0.0410310753373522
cps_wage,6,SR-TI,3,1948,0.0247863487538091
cps_wage,6,SR-TI,4,1948,0.0309159409668318
cps_wage,6,SR-TI,5,1947,0.106148229445961
cps_wage,6,ASR-TI,1,1948,0.0654597837227194
cps_wage,6,ASR-TI,2,1948,0.0403130536573353
cps_wage,6,ASR-TI,3,1948,0.0268400003963825
cps_wage,6,ASR-TI,4,1948,0.0309188400412996
cps_wage,6,ASR-TI,5,1947,0.106968192368322
cps_wage,6,CQR-TI,1,1948,0.0606892776202204
cps_wage,6,CQR-TI,2,1948,0.0555553857107888
cps_wage,6,CQR-TI,3,1948,0.0517708284795799
cps_wage,6,CQR-TI,4,1948,0.0196848737679725
cps_wage,6,CQR-TI,5,1947,0.14714463522593
cps_wage,7,SR-TI,1,1948,0.0597212503001859
cps_wage,7,SR-TI,2,1948,0.0367163564516425
cps_wage,7,SR-TI,3,1948,0.0330061209477001
cps_wage,7,SR-TI,4,1948,0.0370828521748224
cps_wage,7,SR-TI,5,1947,0.0895471972567209
cps_wage,7,ASR-TI,1,1948,0.058490250570696
cps_wage,7,ASR-TI,2,1948,0.0376455361738078
cps_wage,7,ASR-TI,3,1948,0.0336210937079964
cps_wage,7,ASR-TI,4,1948,0.0367757084125659
cps_wage,7,ASR-TI,5,1947,0.0902589955306535
cps_wage,7,CQR-TI,1,1948,0.0759928592106126
cps_wage,7,CQR-TI,2,1948,0.052680241784919
cps_wage,7,CQR-TI,3,1948,0.026190291452917
cps_wage,7,CQR-TI,4,1948,0.0167121100982038
cps_wage,7,CQR-TI,5,1947,0.121669882864172
cps_wage,8,SR-TI,1,1948,0.0811728727593054
cps_wage,8,SR-TI,2,1948,0.0481193124112225
cps_wage,8,SR-TI,3,1948,0.00785997069720956
cps_wage,8,SR-TI,4,1948,0.0298987875121787
cps_wage,8,SR-TI,5,1947,0.0984584138041928
cps_wage,8,ASR-TI,1,1948,0.0805597448645795
cps_wage,8,ASR-TI,2,1948,0.0477093305710249
cps_wage,8,ASR-TI,3,1948,0.00909249902960074
cps_wage,8,ASR-TI,4,1948,0.030103567590498
cps_wage,8,ASR-TI,5,1947,0.098566156552481
cps_wage,8,CQR-TI,1,1948,0.0646033444144744
cps_wage,8,CQR-TI,2,1948,0.066541560182783
cps_wage,8,CQR-TI,3,1948,0.0265169907902202
cps_wage,8,CQR-TI,4,1948,0.0270469416029414
cps_wage,8,CQR-TI,5,1947,0.119918417169901
cps_wage,9,SR-TI,1,1948,0.0619628146787203
cps_wage,9,SR-TI,2,1948,0.031904736202145
cps_wage,9,SR-TI,3,1948,0.0168512129622153
cps_wage,9,SR-TI,4,1948,0.0258924774394025
cps_wage,9,SR-TI,5,1947,0.0722068905469213
cps_wage,9,ASR-TI,1,1948,0.0619628673891653
cps_wage,9,ASR-TI,2,1948,0.0327258068018823
cps_wage,9,ASR-TI,3,1948,0.0171592528020345
cps_wage,9,ASR-TI,4,1948,0.0262007281210013
cps_wage,9,ASR-TI,5,1947,0.0722225008521064
cps_wage,9,CQR-TI,1,1948,0.034402367921857
cps_wage,9,CQR-TI,2,1948,0.0375895049709112
cps_wage,9,CQR-TI,3,1948,0.0192430021086286
cps_wage,9,CQR-TI,4,1948,0.0189778158604885
cps_wage,9,CQR-TI,5,1947,0.0658851388470724
cps_wage,10,SR-TI,1,1948,0.0713066898199053
cps_wage,10,SR-TI,2,1948,0.0437945785409875
cps_wage,10,SR-TI,3,1948,0.0108225612511182
cps_wage,10,SR-TI,4,1948,0.0199427332642756
cps_wage,10,SR-TI,5,1947,0.0953425757942283
cps_wage,10,ASR-TI,1,1948,0.0711011717953579
cps_wage,10,ASR-TI,2,1948,0.0442001854142609
cps_wage,10,ASR-TI,3,1948,0.011232859353985
cps_wage,10,ASR-TI,4,1948,0.0204559748659732
cps_wage,10,ASR-TI,5,1947,0.0963683205099423
cps_wage,10,CQR-TI,1,1948,0.0946867766150322
cps_wage,10,CQR-TI,2,1948,0.0682874882482063
cps_wage,10,CQR-TI,3,1948,0.0381069634081983
cps_wage,10,CQR-TI,4,1948,0.0643499125955403
cps_wage,10,CQR-TI,5,1947,0.119302970340473
cps_wage,11,SR-TI,1,1948,0.0953459207281294
cps_wage,11,SR-TI,2,1948,0.0364790013183937
cps_wage,11,SR-TI,3,1948,0.0244978644890366
cps_wage,11,SR-TI,4,1948,0.0461352385558772
cps_wage,11,SR-TI,5,1947,0.100186885940826
cps_wage,11,ASR-TI,1,1948,0.0924697225933623
cps_wage,11,ASR-TI,2,1948,0.0368904063406026
cps_wage,11,ASR-TI,3,1948,0.0207978548113988
cps_wage,11,ASR-TI,4,1948,0.0473682412822722
cps_wage,11,ASR-TI,5,1947,0.100295894389535
cps_wage,11,CQR-TI,1,1948,0.079179521865663
cps_wage,11,CQR-TI,2,1948,0.0678827774524958
cps_wage,11,CQR-TI,3,1948,0.039545431448696
cps_wage,11,CQR-TI,4,1948,0.0592210808888162
cps_wage,11,CQR-TI,5,1947,0.124572133928191
cps_wage,12,SR-TI,1,1948,0.0666029151406115
cps_wage,12,SR-TI,2,1948,0.0193739875641301
cps_wage,12,SR-TI,3,1948,0.018531780076
cps_wage,12,SR-TI,4,1948,0.0178951960333071
cps_wage,12,SR-TI,5,1947,0.071875909886982
cps_wage,12,ASR-TI,1,1948,0.0651652377567868
cps_wage,12,ASR-TI,2,1948,0.0191814363090207
cps_wage,12,ASR-TI,3,1948,0.0190446527045834
cps_wage,12,ASR-TI,4,1948,0.0182889957669297
cps_wage,12,ASR-TI,5,1947,0.0715801051512267
cps_wage,12,CQR-TI,1,1948,0.086470746862727
cps_wage,12,CQR-TI,2,1948,0.0463173004324576
cps_wage,12,CQR-TI,3,1948,0.0273179260000173
cps_wage,12,CQR-TI,4,1948,0.0620007661990266
cps_wage,12,CQR-TI,5,1947,0.0783644703547384
cps_wage,13,SR-TI,1,1948,0.0730583633238194
cps_wage,13,SR-TI,2,1948,0.0367333292148905
cps_wage,13,SR-TI,3,1948,0.022744715092666
cps_wage,13,SR-TI,4,1948,0.03144109512907
cps_wage,13,SR-TI,5,1947,0.101751133447911
cps_wage,13,ASR-TI,1,1948,0.0712094917595654
cps_wage,13,ASR-TI,2,1948,0.0357089017188454
cps_wage,13,ASR-TI,3,1948,0.0217306188438153
cps_wage,13,ASR-TI,4,1948,0.031443098125975
cps_wage,13,ASR-TI,5,1947,0.103698677232312
cps_wage,13,CQR-TI,1,1948,0.0912934890160921
cps_wage,13,CQR-TI,2,1948,0.0540268882304534
cps_wage,13,CQR-TI,3,1948,0.0328329671363027
cps_wage,13,CQR-TI,4,1948,0.0577801354574096
cps_wage,13,CQR-TI,5,1947,0.0625374139725838
cps_wage,14,SR-TI,1,1948,0.0629075966925672
cps_wage,14,SR-TI,2,1948,0.0138524630431258
cps_wage,14,SR-TI,3,1948,0.0117484729257017
cps_wage,14,SR-TI,4,1948,0.0115944002953472
cps_wage,14,SR-TI,5,1947,0.0721013100368514
cps_wage,14,ASR-TI,1,1948,0.0625991878796338
cps_wage,14,ASR-TI,2,1948,0.0138517778073425
cps_wage,14,ASR-TI,3,1948,0.012056091081962
cps_wage,14,ASR-TI,4,1948,0.0111837332193663
cps_wage,14,ASR-TI,5,1947,0.0727169678163499
cps_wage,14,CQR-TI,1,1948,0.0661460210044798
cps_wage,14,CQR-TI,2,1948,0.0268039464520916
cps_wage,14,CQR-TI,3,1948,0.0314266524671756
cps_wage,14,CQR-TI,4,1948,0.0431990559348482
cps_wage,14,CQR-TI,5,1947,0.0623767227567082
cps_wage,15,SR-TI,1,1948,0.0732648301363746
cps_wage,15,SR-TI,2,1948,0.0355895125612153
cps_wage,15,SR-TI,3,1948,0.0157193088690806
cps_wage,15,SR-TI,4,1948,0.0296246931988556
cps_wage,15,SR-TI,5,1947,0.0743444476069376
cps_wage,15,ASR-TI,1,1948,0.0729494635447184
cps_wage,15,ASR-TI,2,1948,0.0348718598543125
cps_wage,15,ASR-TI,3,1948,0.0156169451851433
cps_wage,15,ASR-TI,4,1948,0.0310603148753303
cps_wage,15,ASR-TI,5,1947,0.0748441355854153
cps_wage,15,CQR-TI,1,1948,0.094475882125108
cps_wage,15,CQR-TI,2,1948,0.0721906439803723
cps_wage,15,CQR-TI,3,1948,0.0457061755346368
cps_wage,15,CQR-TI,4,1948,0.0638432070890067
cps_wage,15,CQR-TI,5,1947,0.140278368657714
cps_wage,16,SR-TI,1,1948,0.104992459243757
cps_wage,16,SR-TI,2,1948,0.036697538822824
cps_wage,16,SR-TI,3,1948,0.0238391420594982
cps_wage,16,SR-TI,4,1948,0.0428473191362319
cps_wage,16,SR-TI,5,1947,0.0875361575012289
cps_wage,16,ASR-TI,1,1948,0.104893416317846
cps_wage,16,ASR-TI,2,1948,0.0362875042721815
cps_wage,16,ASR-TI,3,1948,0.0239423491105535
cps_wage,16,ASR-TI,4,1948,0.0424400255287226
cps_wage,16,ASR-TI,5,1947,0.086710498926976
cps_wage,16,CQR-TI,1,1948,0.108345370641927
cps_wage,16,CQR-TI,2,1948,0.0662489117928657
cps_wage,16,CQR-TI,3,1948,0.0193202756208077
cps_wage,16,CQR-TI,4,1948,0.0432991003592111
cps_wage,16,CQR-TI,5,1947,0.128921607947924
cps_wage,17,SR-TI,1,1948,0.0843605896232532
cps_wage,17,SR-TI,2,1948,0.0476865596588412
cps_wage,17,SR-TI,3,1948,0.0186321407630322
cps_wage,17,SR-TI,4,1948,0.033422797014396
cps_wage,17,SR-TI,5,1947,0.103587137382763
cps_wage,17,ASR-TI,1,1948,0.0838480332573389
cps_wage,17,ASR-TI,2,1948,0.0459376798085051
cps_wage,17,ASR-TI,3,1948,0.0224285051338919
cps_wage,17,ASR-TI,4,1948,0.0339382524547782
cps_wage,17,ASR-TI,5,1947,0.10555303382326
cps_wage,17,CQR-TI,1,1948,0.0537121541641357
cps_wage,17,CQR-TI,2,1948,0.0359474691923263
cps_wage,17,CQR-TI,3,1948,0.024883968497708
cps_wage,17,CQR-TI,4,1948,0.0193661864182894
cps_wage,17,CQR-TI,5,1947,0.0932277486042621
cps_wage,18,SR-TI,1,1948,0.0798482065692816
cps_wage,18,SR-TI,2,1948,0.0285936768972018
cps_wage,18,SR-TI,3,1948,0.0250746221768022
cps_wage,18,SR-TI,4,1948,0.0272596809584361
cps_wage,18,SR-TI,5,1947,0.0952825077617759
cps_wage,18,ASR-TI,1,1948,0.079333805337797
cps_wage,18,ASR-TI,2,1948,0.0275665611684682
cps_wage,18,ASR-TI,3,1948,0.0252801402013497
cps_wage,18,ASR-TI,4,1948,0.0270534249876605
cps_wage,18,ASR-TI,5,1947,0.0957918994434769
cps_wage,18,CQR-TI,1,1948,0.0606883288322128
cps_wage,18,CQR-TI,2,1948,0.0819526183702647
cps_wage,18,CQR-TI,3,1948,0.0472467964172922
cps_wage,18,CQR-TI,4,1948,0.0387871389887986
cps_wage,18,CQR-TI,5,1947,0.128475448549726
cps_wage,19,SR-TI,1,1948,0.0797485838284777
cps_wage,19,SR-TI,2,1948,0.0258508888984002
cps_wage,19,SR-TI,3,1948,0.0169542091714909
cps_wage,19,SR-TI,4,1948,0.0279509257324591
cps_wage,19,SR-TI,5,1947,0.0669548666523959
cps_wage,19,ASR-TI,1,1948,0.0799515717516713
cps_wage,19,ASR-TI,2,1948,0.0266726447339208
cps_wage,19,ASR-TI,3,1948,0.0183990551758179
cps_wage,19,ASR-TI,4,1948,0.0276435184179782
cps_wage,19,ASR-TI,5,1947,0.0667792507190628
cps_wage,19,CQR-TI,1,1948,0.115113391763213
cps_wage,19,CQR-TI,2,1948,0.06849253187875
cps_wage,19,CQR-TI,3,1948,0.025777674090476
cps_wage,19,CQR-TI,4,1948,0.0663053119688764
cps_wage,19,CQR-TI,5,1947,0.114625679911852
cps_wage,20,SR-TI,1,1948,0.0697722360592996
cps_wage,20,SR-TI,2,1948,0.0135024129787452
cps_wage,20,SR-TI,3,1948,0.0168135249941332
cps_wage,20,SR-TI,4,1948,0.0146188729115331
cps_wage,20,SR-TI,5,1947,0.0653415205165028
cps_wage,20,ASR-TI,1,1948,0.0673093932332018
cps_wage,20,ASR-TI,2,1948,0.0156572159650238
cps_wage,20,ASR-TI,3,1948,0.0157881487100805
cps_wage,20,ASR-TI,4,1948,0.01626212103035
cps_wage,20,ASR-TI,5,1947,0.0664701033913757
cps_wage,20,CQR-TI,1,1948,0.0579252473121363
cps_wage,20,CQR-TI,2,1948,0.0564850398269579
cps_wage,20,CQR-TI,3,1948,0.0236262972831139
cps_wage,20,CQR-TI,4,1948,0.0359230642563516
cps_wage,20,CQR-TI,5,1947,0.095691223522536
superconductivity,1,SR-TI,1,1418,0.159618559197278
superconductivity,1,SR-TI,2,1418,0.0571874699692664
superconductivity,1,SR-TI,3,1418,0.0681866520390259
superconductivity,1,SR-TI,4,1418,0.0364015764904048
superconductivity,1,SR-TI,5,1417,0.059316107245384
superconductivity,1,ASR-TI,1,1418,0.161170457975277
superconductivity,1,ASR-TI,2,1418,0.0570455110233559
superconductivity,1,ASR-TI,3,1418,0.0677622674116577
superconductivity,1,ASR-TI,4,1418,0.0344272826988554
superconductivity,1,ASR-TI,5,1417,0.0600007187574694
superconductivity,1,CQR-TI,1,1418,0.353512792520485
superconductivity,1,CQR-TI,2,1418,0.192836853059658
superconductivity,1,CQR-TI,3,1418,0.0846475230004331
superconductivity,1,CQR-TI,4,1418,0.237039008965399
superconductivity,1,CQR-TI,5,1417,0.303791007627291
superconductivity,2,SR-TI,1,1418,0.118042196127774
superconductivity,2,SR-TI,2,1418,0.0567289634649204
superconductivity,2,SR-TI,3,1418,0.0460558790999226
superconductivity,2,SR-TI,4,1418,0.0268387961165126
superconductivity,2,SR-TI,5,1417,0.042453380066506
superconductivity,2,ASR-TI,1,1418,0.121427723000393
superconductivity,2,ASR-TI,2,1418,0.0591277413645289
superconductivity,2,ASR-TI,3,1418,0.0433778589009652
superconductivity,2,ASR-TI,4,1418,0.0315148859921439
superconductivity,2,ASR-TI,5,1417,0.0444270761314483
superconductivity,2,CQR-TI,1,1418,0.410081094669606
superconductivity,2,CQR-TI,2,1418,0.215978946702424
superconductivity,2,CQR-TI,3,1418,0.0781616803959968
superconductivity,2,CQR-TI,4,1418,0.246345825521612
superconductivity,2,CQR-TI,5,1417,0.264398419410513
superconductivity,3,SR-TI,1,1418,0.13722664944457
superconductivity,3,SR-TI,2,1418,0.0736657500515807
superconductivity,3,SR-TI,3,1418,0.0424135925640969
superconductivity,3,SR-TI,4,1418,0.0516735537148976
superconductivity,3,SR-TI,5,1417,0.0496193522163464
superconductivity,3,ASR-TI,1,1418,0.138919014958116
superconductivity,3,ASR-TI,2,1418,0.0757806100593681
superconductivity,3,ASR-TI,3,1418,0.0412857799713934
superconductivity,3,ASR-TI,4,1418,0.050121058052753
superconductivity,3,ASR-TI,5,1417,0.0514519846615962
superconductivity,3,CQR-TI,1,1418,0.39526772343015
superconductivity,3,CQR-TI,2,1418,0.203576490006866
superconductivity,3,CQR-TI,3,1418,0.0957055976392039
superconductivity,3,CQR-TI,4,1418,0.237602467598642
superconductivity,3,CQR-TI,5,1417,0.26043868296952
superconductivity,4,SR-TI,1,1418,0.0549357245308043
superconductivity,4,SR-TI,2,1418,0.0460339933479251
superconductivity,4,SR-TI,3,1418,0.018206956048038
superconductivity,4,SR-TI,4,1418,0.0665158738354045
superconductivity,4,SR-TI,5,1417,0.0287339724301757
superconductivity,4,ASR-TI,1,1418,0.0521171381156089
superconductivity,4,ASR-TI,2,1418,0.0456073206646663
superconductivity,4,ASR-TI,3,1418,0.0192001712659574
superconductivity,4,ASR-TI,4,1418,0.0632731017542225
superconductivity,4,ASR-TI,5,1417,0.0267937254663039
superconductivity,4,CQR-TI,1,1418,0.360571146501035
superconductivity,4,CQR-TI,2,1418,0.221058430779644
superconductivity,4,CQR-TI,3,1418,0.0976783992203897
superconductivity,4,CQR-TI,4,1418,0.20995011839197
superconductivity,4,CQR-TI,5,1417,0.282791642065152
superconductivity,5,SR-TI,1,1418,0.0484401328186601
superconductivity,5,SR-TI,2,1418,0.0484301847495703
superconductivity,5,SR-TI,3,1418,0.0407012314316804
superconductivity,5,SR-TI,4,1418,0.0339522623998204
superconductivity,5,SR-TI,5,1417,0.0253241551389218
superconductivity,5,ASR-TI,1,1418,0.0497095064345107
superconductivity,5,ASR-TI,2,1418,0.0482892206105686
superconductivity,5,ASR-TI,3,1418,0.041267575004959
superconductivity,5,ASR-TI,4,1418,0.0338108008573643
superconductivity,5,ASR-TI,5,1417,0.0263116004767692
superconductivity,5,CQR-TI,1,1418,0.386103263742611
superconductivity,5,CQR-TI,2,1418,0.198216768823388
superconductivity,5,CQR-TI,3,1418,0.083236190438672
superconductivity,5,CQR-TI,4,1418,0.231961613982688
superconductivity,5,CQR-TI,5,1417,0.308305441661035
superconductivity,6,SR-TI,1,1418,0.130734539556607
superconductivity,6,SR-TI,2,1418,0.0372458691140508
superconductivity,6,SR-TI,3,1418,0.0752440112126676
superconductivity,6,SR-TI,4,1418,0.0310780662784135
superconductivity,6,SR-TI,5,1417,0.0339931467172147
superconductivity,6,ASR-TI,1,1418,0.128759350438839
superconductivity,6,ASR-TI,2,1418,0.0375287921989629
superconductivity,6,ASR-TI,3,1418,0.0745394889597324
superconductivity,6,ASR-TI,4,1418,0.0348876793363285
superconductivity,6,ASR-TI,5,1417,0.0330060995829515
superconductivity,6,CQR-TI,1,1418,0.39301179980267
superconductivity,6,CQR-TI,2,1418,0.159273560161246
superconductivity,6,CQR-TI,3,1418,0.0866206230236917
superconductivity,6,CQR-TI,4,1418,0.243810062710638
superconductivity,6,CQR-TI,5,1417,0.260576162756955
superconductivity,7,SR-TI,1,1418,0.081935281443807
superconductivity,7,SR-TI,2,1418,0.0753579166037451
superconductivity,7,SR-TI,3,1418,0.0642058327120765
superconductivity,7,SR-TI,4,1418,0.0487208673283725
superconductivity,7,SR-TI,5,1417,0.0539060137999443
superconductivity,7,ASR-TI,1,1418,0.0796779650866546
superconductivity,7,ASR-TI,2,1418,0.0729604319531183
superconductivity,7,ASR-TI,3,1418,0.0639218153395644
superconductivity,7,ASR-TI,4,1418,0.0456167713303015
superconductivity,7,ASR-TI,5,1417,0.0511465625125371
superconductivity,7,CQR-TI,1,1418,0.386243233074703
superconductivity,7,CQR-TI,2,1418,0.197652414863927
superconductivity,7,CQR-TI,3,1418,0.10246749916088
superconductivity,7,CQR-TI,4,1418,0.197830485300634
superconductivity,7,CQR-TI,5,1417,0.295635599121682
superconductivity,8,SR-TI,1,1418,0.0844769136155441
superconductivity,8,SR-TI,2,1418,0.0883412410534528
superconductivity,8,SR-TI,3,1418,0.0400053639988532
superconductivity,8,SR-TI,4,1418,0.0289329641405933
superconductivity,8,SR-TI,5,1417,0.0665889970575741
superconductivity,8,ASR-TI,1,1418,0.0769994474842427
superconductivity,8,ASR-TI,2,1418,0.0800252521785774
superconductivity,8,ASR-TI,3,1418,0.0419761759662212
superconductivity,8,ASR-TI,4,1418,0.0337625527222791
superconductivity,8,ASR-TI,5,1417,0.0609273384978347
superconductivity,8,CQR-TI,1,1418,0.346324914680385
superconductivity,8,CQR-TI,2,1418,0.224590393229265
superconductivity,8,CQR-TI,3,1418,0.0846968654231182
superconductivity,8,CQR-TI,4,1418,0.215603705536359
superconductivity,8,CQR-TI,5,1417,0.276124220802693
superconductivity,9,SR-TI,1,1418,0.139621149674469
superconductivity,9,SR-TI,2,1418,0.0881948054764519
superconductivity,9,SR-TI,3,1418,0.0469862225211949
superconductivity,9,SR-TI,4,1418,0.0362069922590095
superconductivity,9,SR-TI,5,1417,0.039997658562925
superconductivity,9,ASR-TI,1,1418,0.139339519838539
superconductivity,9,ASR-TI,2,1418,0.0883387540361804
superconductivity,9,ASR-TI,3,1418,0.0452929616814306
superconductivity,9,ASR-TI,4,1418,0.0365081203103559
superconductivity,9,ASR-TI,5,1417,0.0422264040235286
superconductivity,9,CQR-TI,1,1418,0.378204397404668
superconductivity,9,CQR-TI,2,1418,0.225714624517096
superconductivity,9,CQR-TI,3,1418,0.12151377379802
superconductivity,9,CQR-TI,4,1418,0.245354003033365
superconductivity,9,CQR-TI,5,1417,0.2268531971716
superconductivity,10,SR-TI,1,1418,0.176673628325416
superconductivity,10,SR-TI,2,1418,0.0652133731494851
superconductivity,10,SR-TI,3,1418,0.0396680249760202
superconductivity,10,SR-TI,4,1418,0.0621290738089028
superconductivity,10,SR-TI,5,1417,0.0505781268961335
superconductivity,10,ASR-TI,1,1418,0.174134682132333
superconductivity,10,ASR-TI,2,1418,0.065216457050903
superconductivity,10,ASR-TI,3,1418,0.0393862956593988
superconductivity,10,ASR-TI,4,1418,0.0619896018802646
superconductivity,10,ASR-TI,5,1417,0.0503214846861354
superconductivity,10,CQR-TI,1,1418,0.387794534968557
superconductivity,10,CQR-TI,2,1418,0.21583440125855
superconductivity,10,CQR-TI,3,1418,0.112769719510213
superconductivity,10,CQR-TI,4,1418,0.211926501278028
superconductivity,10,CQR-TI,5,1417,0.253948960056497
superconductivity,11,SR-TI,1,1418,0.122128464987074
superconductivity,11,SR-TI,2,1418,0.072004919917049
superconductivity,11,SR-TI,3,1418,0.0532506211076936
superconductivity,11,SR-TI,4,1418,0.0270879952472105
superconductivity,11,SR-TI,5,1417,0.0401776465829703
superconductivity,11,ASR-TI,1,1418,0.117335485299639
superconductivity,11,ASR-TI,2,1418,0.0814553865909181
superconductivity,11,ASR-TI,3,1418,0.0519559793963552
superconductivity,11,ASR-TI,4,1418,0.035473720086405
superconductivity,11,ASR-TI,5,1417,0.0434424182186901
superconductivity,11,CQR-TI,1,1418,0.372561056771442
superconductivity,11,CQR-TI,2,1418,0.195110882172881
superconductivity,11,CQR-TI,3,1418,0.0930148439118116
superconductivity,11,CQR-TI,4,1418,0.200784166494068
superconductivity,11,CQR-TI,5,1417,0.28808277218982
superconductivity,12,SR-TI,1,1418,0.0962826851270995
superconductivity,12,SR-TI,2,1418,0.0690323373923445
superconductivity,12,SR-TI,3,1418,0.0588713796240863
superconductivity,12,SR-TI,4,1418,0.0223913128685636
superconductivity,12,SR-TI,5,1417,0.0417705604705492
superconductivity,12,ASR-TI,1,1418,0.0957567307143251
superconductivity,12,ASR-TI,2,1418,0.0701516941263218
superconductivity,12,ASR-TI,3,1418,0.0585886555005559
superconductivity,12,ASR-TI,4,1418,0.0221097825133239
superconductivity,12,ASR-TI,5,1417,0.0445870544213887
superconductivity,12,CQR-TI,1,1418,0.39696168063475
superconductivity,12,CQR-TI,2,1418,0.205257116798887
superconductivity,12,CQR-TI,3,1418,0.0924567572358773
superconductivity,12,CQR-TI,4,1418,0.228573799054177
superconductivity,12,CQR-TI,5,1417,0.26441912599689
superconductivity,13,SR-TI,1,1418,0.184469830590352
superconductivity,13,SR-TI,2,1418,0.0622427802385985
superconductivity,13,SR-TI,3,1418,0.0887643324318392
superconductivity,13,SR-TI,4,1418,0.0402035295351207
superconductivity,13,SR-TI,5,1417,0.0573997524965623
superconductivity,13,ASR-TI,1,1418,0.184753947443555
superconductivity,13,ASR-TI,2,1418,0.0650654453621207
superconductivity,13,ASR-TI,3,1418,0.089188219655753
superconductivity,13,ASR-TI,4,1418,0.0420373565911231
superconductivity,13,ASR-TI,5,1417,0.059929738968591
superconductivity,13,CQR-TI,1,1418,0.374535549524373
superconductivity,13,CQR-TI,2,1418,0.148966564738751
superconductivity,13,CQR-TI,3,1418,0.0454393972584315
superconductivity,13,CQR-TI,4,1418,0.184426655970503
superconductivity,13,CQR-TI,5,1417,0.259737346906899
superconductivity,14,SR-TI,1,1418,0.0947687879730232
superconductivity,14,SR-TI,2,1418,0.0650833518864822
superconductivity,14,SR-TI,3,1418,0.0642284148289102
superconductivity,14,SR-TI,4,1418,0.0464745933279097
superconductivity,14,SR-TI,5,1417,0.0324394558826765
superconductivity,14,ASR-TI,1,1418,0.0946270279884945
superconductivity,14,ASR-TI,2,1418,0.0636717208826484
superconductivity,14,ASR-TI,3,1418,0.0660638335759667
superconductivity,14,ASR-TI,4,1418,0.0447598446589116
superconductivity,14,ASR-TI,5,1417,0.0315918795537691
superconductivity,14,CQR-TI,1,1418,0.400210521038077
superconductivity,14,CQR-TI,2,1418,0.202299058455053
superconductivity,14,CQR-TI,3,1418,0.0725750437565819
superconductivity,14,CQR-TI,4,1418,0.211372990713875
superconductivity,14,CQR-TI,5,1417,0.28984999969637
superconductivity,15,SR-TI,1,1418,0.21930637685156
superconductivity,15,SR-TI,2,1418,0.0843770350018832
superconductivity,15,SR-TI,3,1418,0.0645318309361471
superconductivity,15,SR-TI,4,1418,0.0481036891220451
superconductivity,15,SR-TI,5,1417,0.0678364693358851
superconductivity,15,ASR-TI,1,1418,0.219447340990561
superconductivity,15,ASR-TI,2,1418,0.0843770350018832
superconductivity,15,ASR-TI,3,1418,0.0645317314554562
superconductivity,15,ASR-TI,4,1418,0.0481036891220451
superconductivity,15,ASR-TI,5,1417,0.0679775329555775
superconductivity,15,CQR-TI,1,1418,0.372138064873746
superconductivity,15,CQR-TI,2,1418,0.214997768648103
superconductivity,15,CQR-TI,3,1418,0.0900622570059774
superconductivity,15,CQR-TI,4,1418,0.215317400107956
superconductivity,15,CQR-TI,5,1417,0.27313122311317
superconductivity,16,SR-TI,1,1418,0.223964361241447
superconductivity,16,SR-TI,2,1418,0.0801679074893242
superconductivity,16,SR-TI,3,1418,0.0739402172777667
superconductivity,16,SR-TI,4,1418,0.0568532148478513
superconductivity,16,SR-TI,5,1417,0.0596611506510678
superconductivity,16,ASR-TI,1,1418,0.223258247297458
superconductivity,16,ASR-TI,2,1418,0.0766422123232303
superconductivity,16,ASR-TI,3,1418,0.0767576099246712
superconductivity,16,ASR-TI,4,1418,0.0557241090061661
superconductivity,16,ASR-TI,5,1417,0.0581098490380347
superconductivity,16,CQR-TI,1,1418,0.363248569815847
superconductivity,16,CQR-TI,2,1418,0.230088989457235
superconductivity,16,CQR-TI,3,1418,0.0951379608169434
superconductivity,16,CQR-TI,4,1418,0.248038091554467
superconductivity,16,CQR-TI,5,1417,0.256520757904864
superconductivity,17,SR-TI,1,1418,0.0908010006165813
superconductivity,17,SR-TI,2,1418,0.0408616937860978
superconductivity,17,SR-TI,3,1418,0.0616883743482274
superconductivity,17,SR-TI,4,1418,0.0357197358349942
superconductivity,17,SR-TI,5,1417,0.0355392716836536
superconductivity,17,ASR-TI,1,1418,0.0906599369968888
superconductivity,17,ASR-TI,2,1418,0.0407214260119325
superconductivity,17,ASR-TI,3,1418,0.0615474102092258
superconductivity,17,ASR-TI,4,1418,0.0355787716959926
superconductivity,17,ASR-TI,5,1417,0.0356807335069302
superconductivity,17,CQR-TI,1,1418,0.369455965966462
superconductivity,17,CQR-TI,2,1418,0.20102719782193
superconductivity,17,CQR-TI,3,1418,0.0805565785486603
superconductivity,17,CQR-TI,4,1418,0.218989928773815
superconductivity,17,CQR-TI,5,1417,0.27413618940872
superconductivity,18,SR-TI,1,1418,0.13944606365849
superconductivity,18,SR-TI,2,1418,0.0711530667608947
superconductivity,18,SR-TI,3,1418,0.0542036461264905
superconductivity,18,SR-TI,4,1418,0.022006024152718
superconductivity,18,SR-TI,5,1417,0.0424255058156141
superconductivity,18,ASR-TI,1,1418,0.140041256632129
superconductivity,18,ASR-TI,2,1418,0.0748168411259543
superconductivity,18,ASR-TI,3,1418,0.0539293778616865
superconductivity,18,ASR-TI,4,1418,0.0222881513921029
superconductivity,18,ASR-TI,5,1417,0.0431543179255425
superconductivity,18,CQR-TI,1,1418,0.379336786109153
superconductivity,18,CQR-TI,2,1418,0.213725410611526
superconductivity,18,CQR-TI,3,1418,0.0889311615504742
superconductivity,18,CQR-TI,4,1418,0.235481041865255
superconductivity,18,CQR-TI,5,1417,0.269177061522354
superconductivity,19,SR-TI,1,1418,0.0318015893433101
superconductivity,19,SR-TI,2,1418,0.0570453120619741
superconductivity,19,SR-TI,3,1418,0.0339393299100038
superconductivity,19,SR-TI,4,1418,0.0335292705021247
superconductivity,19,SR-TI,5,1417,0.0812974428460884
superconductivity,19,ASR-TI,1,1418,0.0284160624706905
superconductivity,19,ASR-TI,2,1418,0.0552094953921539
superconductivity,19,ASR-TI,3,1418,0.0333751749119248
superconductivity,19,ASR-TI,4,1418,0.0338087117628556
superconductivity,19,ASR-TI,5,1417,0.0797405663828769
superconductivity,19,CQR-TI,1,1418,0.39456489234896
superconductivity,19,CQR-TI,2,1418,0.221204965837336
superconductivity,19,CQR-TI,3,1418,0.0823913009308806
superconductivity,19,CQR-TI,4,1418,0.2615806964484
superconductivity,19,CQR-TI,5,1417,0.286805235540904
superconductivity,20,SR-TI,1,1418,0.121392208393743
superconductivity,20,SR-TI,2,1418,0.04056593769206
superconductivity,20,SR-TI,3,1418,0.0849802859114849
superconductivity,20,SR-TI,4,1418,0.0626740290336386
superconductivity,20,SR-TI,5,1417,0.0422844421959216
superconductivity,20,ASR-TI,1,1418,0.116631559930849
superconductivity,20,ASR-TI,2,1418,0.0353493692227833
superconductivity,20,ASR-TI,3,1418,0.0852572401549432
superconductivity,20,ASR-TI,4,1418,0.0552010395334277
superconductivity,20,ASR-TI,5,1417,0.0479230049477791
superconductivity,20,CQR-TI,1,1418,0.368326462202013
superconductivity,20,CQR-TI,2,1418,0.240104108532638
superconductivity,20,CQR-TI,3,1418,0.0989515531024943
superconductivity,20,CQR-TI,4,1418,0.209102244463452
superconductivity,20,CQR-TI,5,1417,0.29787429967189
meps_expenditure,1,SR-TI,1,1044,0.0762452107279693
meps_expenditure,1,SR-TI,2,1044,0.0791187739463601
meps_expenditure,1,SR-TI,3,1044,0.053639846743295
meps_expenditure,1,SR-TI,4,1044,0.0494252873563218
meps_expenditure,1,SR-TI,5,1044,0.0931034482758621
meps_expenditure,1,ASR-TI,1,1044,0.0762452107279693
meps_expenditure,1,ASR-TI,2,1044,0.0791187739463601
meps_expenditure,1,ASR-TI,3,1044,0.053639846743295
meps_expenditure,1,ASR-TI,4,1044,0.0494252873563218
meps_expenditure,1,ASR-TI,5,1044,0.0931034482758621
meps_expenditure,1,CQR-TI,1,1044,0.145402298850575
meps_expenditure,1,CQR-TI,2,1044,0.0873563218390804
meps_expenditure,1,CQR-TI,3,1044,0.0342911877394636
meps_expenditure,1,CQR-TI,4,1044,0.0467432950191571
meps_expenditure,1,CQR-TI,5,1044,0.192911877394636
meps_expenditure,2,SR-TI,1,1044,0.0490421455938698
meps_expenditure,2,SR-TI,2,1044,0.0860153256704981
meps_expenditure,2,SR-TI,3,1044,0.0423371647509578
meps_expenditure,2,SR-TI,4,1044,0.0385057471264368
meps_expenditure,2,SR-TI,5,1044,0.141379310344828
meps_expenditure,2,ASR-TI,1,1044,0.0544061302681993
meps_expenditure,2,ASR-TI,2,1044,0.0879310344827586
meps_expenditure,2,ASR-TI,3,1044,0.0457854406130268
meps_expenditure,2,ASR-TI,4,1044,0.0398467432950191
meps_expenditure,2,ASR-TI,5,1044,0.130459770114943
meps_expenditure,2,CQR-TI,1,1044,0.131992337164751
meps_expenditure,2,CQR-TI,2,1044,0.0915708812260536
meps_expenditure,2,CQR-TI,3,1044,0.0666666666666667
meps_expenditure,2,CQR-TI,4,1044,0.064367816091954
meps_expenditure,2,CQR-TI,5,1044,0.219731800766284
meps_expenditure,3,SR-TI,1,1044,0.0415708812260537
meps_expenditure,3,SR-TI,2,1044,0.107471264367816
meps_expenditure,3,SR-TI,3,1044,0.046360153256705
meps_expenditure,3,SR-TI,4,1044,0.0346743295019157
meps_expenditure,3,SR-TI,5,1044,0.150191570881226
meps_expenditure,3,ASR-TI,1,1044,0.0486590038314176
meps_expenditure,3,ASR-TI,2,1044,0.11360153256705
meps_expenditure,3,ASR-TI,3,1044,0.031992337164751
meps_expenditure,3,ASR-TI,4,1044,0.035632183908046
meps_expenditure,3,ASR-TI,5,1044,0.137931034482759
meps_expenditure,3,CQR-TI,1,1044,0.150383141762452
meps_expenditure,3,CQR-TI,2,1044,0.0739463601532567
meps_expenditure,3,CQR-TI,3,1044,0.0524904214559387
meps_expenditure,3,CQR-TI,4,1044,0.0505747126436781
meps_expenditure,3,CQR-TI,5,1044,0.228352490421456
meps_expenditure,4,SR-TI,1,1044,0.0306513409961686
meps_expenditure,4,SR-TI,2,1044,0.0599616858237548
meps_expenditure,4,SR-TI,3,1044,0.0229885057471265
meps_expenditure,4,SR-TI,4,1044,0.0279693486590038
meps_expenditure,4,SR-TI,5,1044,0.0704980842911878
meps_expenditure,4,ASR-TI,1,1044,0.042528735632184
meps_expenditure,4,ASR-TI,2,1044,0.0590038314176246
meps_expenditure,4,ASR-TI,3,1044,0.021264367816092
meps_expenditure,4,ASR-TI,4,1044,0.0260536398467433
meps_expenditure,4,ASR-TI,5,1044,0.0681992337164751
meps_expenditure,4,CQR-TI,1,1044,0.126628352490421
meps_expenditure,4,CQR-TI,2,1044,0.0718390804597702
meps_expenditure,4,CQR-TI,3,1044,0.0649425287356322
meps_expenditure,4,CQR-TI,4,1044,0.0590038314176245
meps_expenditure,4,CQR-TI,5,1044,0.156896551724138
meps_expenditure,5,SR-TI,1,1044,0.0411877394636015
meps_expenditure,5,SR-TI,2,1044,0.0626436781609195
meps_expenditure,5,SR-TI,3,1044,0.0494252873563218
meps_expenditure,5,SR-TI,4,1044,0.0287356321839081
meps_expenditure,5,SR-TI,5,1044,0.108045977011494
meps_expenditure,5,ASR-TI,1,1044,0.0478927203065135
meps_expenditure,5,ASR-TI,2,1044,0.0591954022988506
meps_expenditure,5,ASR-TI,3,1044,0.0308429118773946
meps_expenditure,5,ASR-TI,4,1044,0.0363984674329502
meps_expenditure,5,ASR-TI,5,1044,0.0963601532567049
meps_expenditure,5,CQR-TI,1,1044,0.149616858237548
meps_expenditure,5,CQR-TI,2,1044,0.0674329501915709
meps_expenditure,5,CQR-TI,3,1044,0.0369731800766284
meps_expenditure,5,CQR-TI,4,1044,0.0591954022988506
meps_expenditure,5,CQR-TI,5,1044,0.161685823754789
meps_expenditure,6,SR-TI,1,1044,0.0645593869731801
meps_expenditure,6,SR-TI,2,1044,0.0632183908045977
meps_expenditure,6,SR-TI,3,1044,0.0337164750957855
meps_expenditure,6,SR-TI,4,1044,0.0442528735632184
meps_expenditure,6,SR-TI,5,1044,0.0664750957854406
meps_expenditure,6,ASR-TI,1,1044,0.0754789272030652
meps_expenditure,6,ASR-TI,2,1044,0.0580459770114943
meps_expenditure,6,ASR-TI,3,1044,0.0314176245210728
meps_expenditure,6,ASR-TI,4,1044,0.0484674329501916
meps_expenditure,6,ASR-TI,5,1044,0.071455938697318
meps_expenditure,6,CQR-TI,1,1044,0.127969348659004
meps_expenditure,6,CQR-TI,2,1044,0.0867816091954023
meps_expenditure,6,CQR-TI,3,1044,0.0473180076628352
meps_expenditure,6,CQR-TI,4,1044,0.0678160919540231
meps_expenditure,6,CQR-TI,5,1044,0.136015325670498
meps_expenditure,7,SR-TI,1,1044,0.0478927203065134
meps_expenditure,7,SR-TI,2,1044,0.063984674329502
meps_expenditure,7,SR-TI,3,1044,0.0549808429118774
meps_expenditure,7,SR-TI,4,1044,0.0252873563218391
meps_expenditure,7,SR-TI,5,1044,0.0917624521072797
meps_expenditure,7,ASR-TI,1,1044,0.0593869731800766
meps_expenditure,7,ASR-TI,2,1044,0.0607279693486589
meps_expenditure,7,ASR-TI,3,1044,0.0419540229885058
meps_expenditure,7,ASR-TI,4,1044,0.0377394636015326
meps_expenditure,7,ASR-TI,5,1044,0.0846743295019157
meps_expenditure,7,CQR-TI,1,1044,0.132183908045977
meps_expenditure,7,CQR-TI,2,1044,0.0793103448275861
meps_expenditure,7,CQR-TI,3,1044,0.075287356321839
meps_expenditure,7,CQR-TI,4,1044,0.038888888888889
meps_expenditure,7,CQR-TI,5,1044,0.174712643678161
meps_expenditure,8,SR-TI,1,1044,0.0586206896551724
meps_expenditure,8,SR-TI,2,1044,0.0745210727969349
meps_expenditure,8,SR-TI,3,1044,0.0339080459770115
meps_expenditure,8,SR-TI,4,1044,0.0314176245210728
meps_expenditure,8,SR-TI,5,1044,0.0764367816091954
meps_expenditure,8,ASR-TI,1,1044,0.0657088122605364
meps_expenditure,8,ASR-TI,2,1044,0.0687739463601533
meps_expenditure,8,ASR-TI,3,1044,0.0237547892720306
meps_expenditure,8,ASR-TI,4,1044,0.0377394636015326
meps_expenditure,8,ASR-TI,5,1044,0.071647509578544
meps_expenditure,8,CQR-TI,1,1044,0.145785440613027
meps_expenditure,8,CQR-TI,2,1044,0.0584291187739463
meps_expenditure,8,CQR-TI,3,1044,0.05
meps_expenditure,8,CQR-TI,4,1044,0.0482758620689655
meps_expenditure,8,CQR-TI,5,1044,0.163793103448276
meps_expenditure,9,SR-TI,1,1044,0.123371647509579
meps_expenditure,9,SR-TI,2,1044,0.0689655172413793
meps_expenditure,9,SR-TI,3,1044,0.0314176245210728
meps_expenditure,9,SR-TI,4,1044,0.0482758620689655
meps_expenditure,9,SR-TI,5,1044,0.10095785440613
meps_expenditure,9,ASR-TI,1,1044,0.123371647509579
meps_expenditure,9,ASR-TI,2,1044,0.0689655172413793
meps_expenditure,9,ASR-TI,3,1044,0.0314176245210728
meps_expenditure,9,ASR-TI,4,1044,0.0482758620689655
meps_expenditure,9,ASR-TI,5,1044,0.10095785440613
meps_expenditure,9,CQR-TI,1,1044,0.138697318007663
meps_expenditure,9,CQR-TI,2,1044,0.0590038314176246
meps_expenditure,9,CQR-TI,3,1044,0.0492337164750959
meps_expenditure,9,CQR-TI,4,1044,0.0471264367816092
meps_expenditure,9,CQR-TI,5,1044,0.138314176245211
meps_expenditure,10,SR-TI,1,1044,0.0810344827586207
meps_expenditure,10,SR-TI,2,1044,0.0796934865900384
meps_expenditure,10,SR-TI,3,1044,0.0331417624521073
meps_expenditure,10,SR-TI,4,1044,0.0342911877394636
meps_expenditure,10,SR-TI,5,1044,0.0940613026819923
meps_expenditure,10,ASR-TI,1,1044,0.0810344827586207
meps_expenditure,10,ASR-TI,2,1044,0.0796934865900384
meps_expenditure,10,ASR-TI,3,1044,0.0331417624521073
meps_expenditure,10,ASR-TI,4,1044,0.0342911877394636
meps_expenditure,10,ASR-TI,5,1044,0.0940613026819923
meps_expenditure,10,CQR-TI,1,1044,0.150574712643678
meps_expenditure,10,CQR-TI,2,1044,0.078352490421456
meps_expenditure,10,CQR-TI,3,1044,0.0400383141762451
meps_expenditure,10,CQR-TI,4,1044,0.060727969348659
meps_expenditure,10,CQR-TI,5,1044,0.169348659003831
meps_expenditure,11,SR-TI,1,1044,0.132375478927203
meps_expenditure,11,SR-TI,2,1044,0.0726053639846743
meps_expenditure,11,SR-TI,3,1044,0.0701149425287356
meps_expenditure,11,SR-TI,4,1044,0.0601532567049808
meps_expenditure,11,SR-TI,5,1044,0.0921455938697317
meps_expenditure,11,ASR-TI,1,1044,0.132375478927203
meps_expenditure,11,ASR-TI,2,1044,0.0726053639846743
meps_expenditure,11,ASR-TI,3,1044,0.0701149425287356
meps_expenditure,11,ASR-TI,4,1044,0.0601532567049808
meps_expenditure,11,ASR-TI,5,1044,0.0921455938697317
meps_expenditure,11,CQR-TI,1,1044,0.125478927203065
meps_expenditure,11,CQR-TI,2,1044,0.0693486590038314
meps_expenditure,11,CQR-TI,3,1044,0.0795019157088123
meps_expenditure,11,CQR-TI,4,1044,0.0488505747126436
meps_expenditure,11,CQR-TI,5,1044,0.171264367816092
meps_expenditure,12,SR-TI,1,1044,0.082183908045977
meps_expenditure,12,SR-TI,2,1044,0.0900383141762453
meps_expenditure,12,SR-TI,3,1044,0.0388888888888889
meps_expenditure,12,SR-TI,4,1044,0.0601532567049808
meps_expenditure,12,SR-TI,5,1044,0.116858237547893
meps_expenditure,12,ASR-TI,1,1044,0.0829501915708812
meps_expenditure,12,ASR-TI,2,1044,0.0906130268199234
meps_expenditure,12,ASR-TI,3,1044,0.0373563218390804
meps_expenditure,12,ASR-TI,4,1044,0.0637931034482759
meps_expenditure,12,ASR-TI,5,1044,0.112068965517241
meps_expenditure,12,CQR-TI,1,1044,0.122030651340996
meps_expenditure,12,CQR-TI,2,1044,0.09272030651341
meps_expenditure,12,CQR-TI,3,1044,0.0591954022988506
meps_expenditure,12,CQR-TI,4,1044,0.0369731800766283
meps_expenditure,12,CQR-TI,5,1044,0.215325670498084
meps_expenditure,13,SR-TI,1,1044,0.0450191570881227
meps_expenditure,13,SR-TI,2,1044,0.100766283524904
meps_expenditure,13,SR-TI,3,1044,0.053831417624521
meps_expenditure,13,SR-TI,4,1044,0.0609195402298851
meps_expenditure,13,SR-TI,5,1044,0.0601532567049808
meps_expenditure,13,ASR-TI,1,1044,0.0582375478927203
meps_expenditure,13,ASR-TI,2,1044,0.0977011494252874
meps_expenditure,13,ASR-TI,3,1044,0.0561302681992336
meps_expenditure,13,ASR-TI,4,1044,0.0593869731800767
meps_expenditure,13,ASR-TI,5,1044,0.0574712643678161
meps_expenditure,13,CQR-TI,1,1044,0.129310344827586
meps_expenditure,13,CQR-TI,2,1044,0.105555555555556
meps_expenditure,13,CQR-TI,3,1044,0.0340996168582376
meps_expenditure,13,CQR-TI,4,1044,0.0584291187739463
meps_expenditure,13,CQR-TI,5,1044,0.172413793103448
meps_expenditure,14,SR-TI,1,1044,0.110344827586207
meps_expenditure,14,SR-TI,2,1044,0.0957854406130268
meps_expenditure,14,SR-TI,3,1044,0.0517241379310345
meps_expenditure,14,SR-TI,4,1044,0.0478927203065135
meps_expenditure,14,SR-TI,5,1044,0.0850574712643679
meps_expenditure,14,ASR-TI,1,1044,0.110344827586207
meps_expenditure,14,ASR-TI,2,1044,0.0957854406130268
meps_expenditure,14,ASR-TI,3,1044,0.0517241379310345
meps_expenditure,14,ASR-TI,4,1044,0.0478927203065135
meps_expenditure,14,ASR-TI,5,1044,0.0850574712643679
meps_expenditure,14,CQR-TI,1,1044,0.133716475095785
meps_expenditure,14,CQR-TI,2,1044,0.081992337164751
meps_expenditure,14,CQR-TI,3,1044,0.057088122605364
meps_expenditure,14,CQR-TI,4,1044,0.0549808429118774
meps_expenditure,14,CQR-TI,5,1044,0.153448275862069
meps_expenditure,15,SR-TI,1,1044,0.0768199233716475
meps_expenditure,15,SR-TI,2,1044,0.0802681992337165
meps_expenditure,15,SR-TI,3,1044,0.0413793103448276
meps_expenditure,15,SR-TI,4,1044,0.0580459770114943
meps_expenditure,15,SR-TI,5,1044,0.078544061302682
meps_expenditure,15,ASR-TI,1,1044,0.0795019157088123
meps_expenditure,15,ASR-TI,2,1044,0.074904214559387
meps_expenditure,15,ASR-TI,3,1044,0.0321839080459769
meps_expenditure,15,ASR-TI,4,1044,0.0599616858237548
meps_expenditure,15,ASR-TI,5,1044,0.0758620689655173
meps_expenditure,15,CQR-TI,1,1044,0.132950191570881
meps_expenditure,15,CQR-TI,2,1044,0.0727969348659003
meps_expenditure,15,CQR-TI,3,1044,0.0687739463601533
meps_expenditure,15,CQR-TI,4,1044,0.0434865900383142
meps_expenditure,15,CQR-TI,5,1044,0.172030651340996
meps_expenditure,16,SR-TI,1,1044,0.0408045977011494
meps_expenditure,16,SR-TI,2,1044,0.0865900383141762
meps_expenditure,16,SR-TI,3,1044,0.0651340996168582
meps_expenditure,16,SR-TI,4,1044,0.0649425287356322
meps_expenditure,16,SR-TI,5,1044,0.0969348659003831
meps_expenditure,16,ASR-TI,1,1044,0.0494252873563219
meps_expenditure,16,ASR-TI,2,1044,0.0823754789272031
meps_expenditure,16,ASR-TI,3,1044,0.04272030651341
meps_expenditure,16,ASR-TI,4,1044,0.0781609195402299
meps_expenditure,16,ASR-TI,5,1044,0.0950191570881226
meps_expenditure,16,CQR-TI,1,1044,0.142145593869732
meps_expenditure,16,CQR-TI,2,1044,0.071647509578544
meps_expenditure,16,CQR-TI,3,1044,0.0651340996168582
meps_expenditure,16,CQR-TI,4,1044,0.0657088122605364
meps_expenditure,16,CQR-TI,5,1044,0.196168582375479
meps_expenditure,17,SR-TI,1,1044,0.075095785440613
meps_expenditure,17,SR-TI,2,1044,0.0505747126436782
meps_expenditure,17,SR-TI,3,1044,0.0565134099616859
meps_expenditure,17,SR-TI,4,1044,0.0379310344827586
meps_expenditure,17,SR-TI,5,1044,0.0837164750957854
meps_expenditure,17,ASR-TI,1,1044,0.0814176245210728
meps_expenditure,17,ASR-TI,2,1044,0.046360153256705
meps_expenditure,17,ASR-TI,3,1044,0.0480842911877394
meps_expenditure,17,ASR-TI,4,1044,0.039463601532567
meps_expenditure,17,ASR-TI,5,1044,0.0867816091954022
meps_expenditure,17,CQR-TI,1,1044,0.138122605363985
meps_expenditure,17,CQR-TI,2,1044,0.05
meps_expenditure,17,CQR-TI,3,1044,0.0559386973180076
meps_expenditure,17,CQR-TI,4,1044,0.0584291187739464
meps_expenditure,17,CQR-TI,5,1044,0.157854406130268
meps_expenditure,18,SR-TI,1,1044,0.0440613026819923
meps_expenditure,18,SR-TI,2,1044,0.064176245210728
meps_expenditure,18,SR-TI,3,1044,0.0434865900383141
meps_expenditure,18,SR-TI,4,1044,0.0578544061302682
meps_expenditure,18,SR-TI,5,1044,0.0708812260536398
meps_expenditure,18,ASR-TI,1,1044,0.0484674329501916
meps_expenditure,18,ASR-TI,2,1044,0.0655172413793104
meps_expenditure,18,ASR-TI,3,1044,0.0415708812260537
meps_expenditure,18,ASR-TI,4,1044,0.063984674329502
meps_expenditure,18,ASR-TI,5,1044,0.0687739463601533
meps_expenditure,18,CQR-TI,1,1044,0.131417624521073
meps_expenditure,18,CQR-TI,2,1044,0.0729885057471265
meps_expenditure,18,CQR-TI,3,1044,0.0331417624521073
meps_expenditure,18,CQR-TI,4,1044,0.0517241379310345
meps_expenditure,18,CQR-TI,5,1044,0.149425287356322
meps_expenditure,19,SR-TI,1,1044,0.053639846743295
meps_expenditure,19,SR-TI,2,1044,0.0798850574712644
meps_expenditure,19,SR-TI,3,1044,0.0396551724137931
meps_expenditure,19,SR-TI,4,1044,0.0505747126436782
meps_expenditure,19,SR-TI,5,1044,0.103639846743295
meps_expenditure,19,ASR-TI,1,1044,0.0641762452107281
meps_expenditure,19,ASR-TI,2,1044,0.0777777777777778
meps_expenditure,19,ASR-TI,3,1044,0.0446360153256705
meps_expenditure,19,ASR-TI,4,1044,0.0544061302681992
meps_expenditure,19,ASR-TI,5,1044,0.0932950191570881
meps_expenditure,19,CQR-TI,1,1044,0.133524904214559
meps_expenditure,19,CQR-TI,2,1044,0.0724137931034483
meps_expenditure,19,CQR-TI,3,1044,0.0565134099616858
meps_expenditure,19,CQR-TI,4,1044,0.0436781609195402
meps_expenditure,19,CQR-TI,5,1044,0.2
meps_expenditure,20,SR-TI,1,1044,0.081800766283525
meps_expenditure,20,SR-TI,2,1044,0.0664750957854406
meps_expenditure,20,SR-TI,3,1044,0.0308429118773946
meps_expenditure,20,SR-TI,4,1044,0.039080459770115
meps_expenditure,20,SR-TI,5,1044,0.0593869731800766
meps_expenditure,20,ASR-TI,1,1044,0.081800766283525
meps_expenditure,20,ASR-TI,2,1044,0.0664750957854406
meps_expenditure,20,ASR-TI,3,1044,0.0308429118773946
meps_expenditure,20,ASR-TI,4,1044,0.039080459770115
meps_expenditure,20,ASR-TI,5,1044,0.0593869731800766
meps_expenditure,20,CQR-TI,1,1044,0.131417624521073
meps_expenditure,20,CQR-TI,2,1044,0.0415708812260537
meps_expenditure,20,CQR-TI,3,1044,0.0210727969348659
meps_expenditure,20,CQR-TI,4,1044,0.0563218390804599
meps_expenditure,20,CQR-TI,5,1044,0.121647509578544
meps_utilization,1,SR-TI,1,1044,0.0450191570881227
meps_utilization,1,SR-TI,2,1044,0.0256704980842912
meps_utilization,1,SR-TI,3,1044,0.0227969348659004
meps_utilization,1,SR-TI,4,1044,0.0367816091954023
meps_utilization,1,SR-TI,5,1044,0.0582375478927203
meps_utilization,1,ASR-TI,1,1044,0.0473180076628352
meps_utilization,1,ASR-TI,2,1044,0.0273946360153257
meps_utilization,1,ASR-TI,3,1044,0.0197318007662834
meps_utilization,1,ASR-TI,4,1044,0.0377394636015326
meps_utilization,1,ASR-TI,5,1044,0.0555555555555555
meps_utilization,1,CQR-TI,1,1044,0.171647509578544
meps_utilization,1,CQR-TI,2,1044,0.096551724137931
meps_utilization,1,CQR-TI,3,1044,0.0567049808429119
meps_utilization,1,CQR-TI,4,1044,0.0432950191570881
meps_utilization,1,CQR-TI,5,1044,0.251149425287356
meps_utilization,2,SR-TI,1,1044,0.0632183908045977
meps_utilization,2,SR-TI,2,1044,0.0409961685823755
meps_utilization,2,SR-TI,3,1044,0.0279693486590039
meps_utilization,2,SR-TI,4,1044,0.0344827586206897
meps_utilization,2,SR-TI,5,1044,0.0287356321839081
meps_utilization,2,ASR-TI,1,1044,0.0630268199233716
meps_utilization,2,ASR-TI,2,1044,0.0423371647509578
meps_utilization,2,ASR-TI,3,1044,0.0270114942528735
meps_utilization,2,ASR-TI,4,1044,0.0331417624521073
meps_utilization,2,ASR-TI,5,1044,0.0291187739463602
meps_utilization,2,CQR-TI,1,1044,0.159386973180077
meps_utilization,2,CQR-TI,2,1044,0.0747126436781609
meps_utilization,2,CQR-TI,3,1044,0.0530651340996169
meps_utilization,2,CQR-TI,4,1044,0.0325670498084291
meps_utilization,2,CQR-TI,5,1044,0.213218390804598
meps_utilization,3,SR-TI,1,1044,0.0335249042145594
meps_utilization,3,SR-TI,2,1044,0.035632183908046
meps_utilization,3,SR-TI,3,1044,0.0373563218390804
meps_utilization,3,SR-TI,4,1044,0.0187739463601532
meps_utilization,3,SR-TI,5,1044,0.0442528735632184
meps_utilization,3,ASR-TI,1,1044,0.0337164750957855
meps_utilization,3,ASR-TI,2,1044,0.0348659003831417
meps_utilization,3,ASR-TI,3,1044,0.0404214559386973
meps_utilization,3,ASR-TI,4,1044,0.0181992337164751
meps_utilization,3,ASR-TI,5,1044,0.0444444444444445
meps_utilization,3,CQR-TI,1,1044,0.195210727969349
meps_utilization,3,CQR-TI,2,1044,0.117816091954023
meps_utilization,3,CQR-TI,3,1044,0.0540229885057471
meps_utilization,3,CQR-TI,4,1044,0.085632183908046
meps_utilization,3,CQR-TI,5,1044,0.240996168582375
meps_utilization,4,SR-TI,1,1044,0.0796934865900384
meps_utilization,4,SR-TI,2,1044,0.0436781609195402
meps_utilization,4,SR-TI,3,1044,0.0331417624521073
meps_utilization,4,SR-TI,4,1044,0.0193486590038314
meps_utilization,4,SR-TI,5,1044,0.0837164750957854
meps_utilization,4,ASR-TI,1,1044,0.0900383141762453
meps_utilization,4,ASR-TI,2,1044,0.0411877394636015
meps_utilization,4,ASR-TI,3,1044,0.0308429118773946
meps_utilization,4,ASR-TI,4,1044,0.0203065134099617
meps_utilization,4,ASR-TI,5,1044,0.0873563218390804
meps_utilization,4,CQR-TI,1,1044,0.15536398467433
meps_utilization,4,CQR-TI,2,1044,0.0867816091954023
meps_utilization,4,CQR-TI,3,1044,0.0436781609195402
meps_utilization,4,CQR-TI,4,1044,0.0409961685823755
meps_utilization,4,CQR-TI,5,1044,0.210919540229885
meps_utilization,5,SR-TI,1,1044,0.0409961685823755
meps_utilization,5,SR-TI,2,1044,0.0877394636015325
meps_utilization,5,SR-TI,3,1044,0.0377394636015326
meps_utilization,5,SR-TI,4,1044,0.0231800766283525
meps_utilization,5,SR-TI,5,1044,0.0844827586206897
meps_utilization,5,ASR-TI,1,1044,0.0400383141762452
meps_utilization,5,ASR-TI,2,1044,0.0837164750957855
meps_utilization,5,ASR-TI,3,1044,0.0381226053639846
meps_utilization,5,ASR-TI,4,1044,0.0235632183908047
meps_utilization,5,ASR-TI,5,1044,0.0835249042145594
meps_utilization,5,CQR-TI,1,1044,0.184291187739464
meps_utilization,5,CQR-TI,2,1044,0.132183908045977
meps_utilization,5,CQR-TI,3,1044,0.0687739463601533
meps_utilization,5,CQR-TI,4,1044,0.0796934865900383
meps_utilization,5,CQR-TI,5,1044,0.278352490421456
meps_utilization,6,SR-TI,1,1044,0.0404214559386973
meps_utilization,6,SR-TI,2,1044,0.0220306513409962
meps_utilization,6,SR-TI,3,1044,0.0314176245210728
meps_utilization,6,SR-TI,4,1044,0.0229885057471264
meps_utilization,6,SR-TI,5,1044,0.0383141762452107
meps_utilization,6,ASR-TI,1,1044,0.0386973180076629
meps_utilization,6,ASR-TI,2,1044,0.0229885057471264
meps_utilization,6,ASR-TI,3,1044,0.0304597701149425
meps_utilization,6,ASR-TI,4,1044,0.0252873563218391
meps_utilization,6,ASR-TI,5,1044,0.0371647509578544
meps_utilization,6,CQR-TI,1,1044,0.152681992337165
meps_utilization,6,CQR-TI,2,1044,0.096360153256705
meps_utilization,6,CQR-TI,3,1044,0.0417624521072797
meps_utilization,6,CQR-TI,4,1044,0.0469348659003832
meps_utilization,6,CQR-TI,5,1044,0.20095785440613
meps_utilization,7,SR-TI,1,1044,0.0691570881226054
meps_utilization,7,SR-TI,2,1044,0.0411877394636015
meps_utilization,7,SR-TI,3,1044,0.035632183908046
meps_utilization,7,SR-TI,4,1044,0.0296934865900383
meps_utilization,7,SR-TI,5,1044,0.060727969348659
meps_utilization,7,ASR-TI,1,1044,0.0674329501915709
meps_utilization,7,ASR-TI,2,1044,0.0431034482758621
meps_utilization,7,ASR-TI,3,1044,0.0373563218390805
meps_utilization,7,ASR-TI,4,1044,0.0262452107279694
meps_utilization,7,ASR-TI,5,1044,0.0618773946360153
meps_utilization,7,CQR-TI,1,1044,0.146168582375479
meps_utilization,7,CQR-TI,2,1044,0.109195402298851
meps_utilization,7,CQR-TI,3,1044,0.0563218390804598
meps_utilization,7,CQR-TI,4,1044,0.0304597701149425
meps_utilization,7,CQR-TI,5,1044,0.260919540229885
meps_utilization,8,SR-TI,1,1044,0.0369731800766284
meps_utilization,8,SR-TI,2,1044,0.0377394636015326
meps_utilization,8,SR-TI,3,1044,0.025095785440613
meps_utilization,8,SR-TI,4,1044,0.0222222222222222
meps_utilization,8,SR-TI,5,1044,0.05727969348659
meps_utilization,8,ASR-TI,1,1044,0.0377394636015326
meps_utilization,8,ASR-TI,2,1044,0.0306513409961685
meps_utilization,8,ASR-TI,3,1044,0.0272030651340996
meps_utilization,8,ASR-TI,4,1044,0.0226053639846743
meps_utilization,8,ASR-TI,5,1044,0.0628352490421457
meps_utilization,8,CQR-TI,1,1044,0.150191570881226
meps_utilization,8,CQR-TI,2,1044,0.103639846743295
meps_utilization,8,CQR-TI,3,1044,0.064367816091954
meps_utilization,8,CQR-TI,4,1044,0.039080459770115
meps_utilization,8,CQR-TI,5,1044,0.254597701149425
meps_utilization,9,SR-TI,1,1044,0.0448275862068965
meps_utilization,9,SR-TI,2,1044,0.0411877394636015
meps_utilization,9,SR-TI,3,1044,0.0329501915708812
meps_utilization,9,SR-TI,4,1044,0.0264367816091954
meps_utilization,9,SR-TI,5,1044,0.064176245210728
meps_utilization,9,ASR-TI,1,1044,0.0478927203065134
meps_utilization,9,ASR-TI,2,1044,0.0398467432950192
meps_utilization,9,ASR-TI,3,1044,0.0346743295019157
meps_utilization,9,ASR-TI,4,1044,0.0191570881226054
meps_utilization,9,ASR-TI,5,1044,0.0647509578544061
meps_utilization,9,CQR-TI,1,1044,0.199425287356322
meps_utilization,9,CQR-TI,2,1044,0.0998084291187739
meps_utilization,9,CQR-TI,3,1044,0.0555555555555556
meps_utilization,9,CQR-TI,4,1044,0.0425287356321839
meps_utilization,9,CQR-TI,5,1044,0.276819923371648
meps_utilization,10,SR-TI,1,1044,0.0551724137931035
meps_utilization,10,SR-TI,2,1044,0.0492337164750958
meps_utilization,10,SR-TI,3,1044,0.0199233716475096
meps_utilization,10,SR-TI,4,1044,0.0159003831417625
meps_utilization,10,SR-TI,5,1044,0.0810344827586207
meps_utilization,10,ASR-TI,1,1044,0.053256704980843
meps_utilization,10,ASR-TI,2,1044,0.0498084291187739
meps_utilization,10,ASR-TI,3,1044,0.0224137931034483
meps_utilization,10,ASR-TI,4,1044,0.0193486590038314
meps_utilization,10,ASR-TI,5,1044,0.0854406130268199
meps_utilization,10,CQR-TI,1,1044,0.165325670498084
meps_utilization,10,CQR-TI,2,1044,0.126628352490421
meps_utilization,10,CQR-TI,3,1044,0.0421455938697318
meps_utilization,10,CQR-TI,4,1044,0.0434865900383142
meps_utilization,10,CQR-TI,5,1044,0.241570881226054
meps_utilization,11,SR-TI,1,1044,0.0613026819923371
meps_utilization,11,SR-TI,2,1044,0.0262452107279693
meps_utilization,11,SR-TI,3,1044,0.0390804597701149
meps_utilization,11,SR-TI,4,1044,0.021264367816092
meps_utilization,11,SR-TI,5,1044,0.0344827586206897
meps_utilization,11,ASR-TI,1,1044,0.0613026819923372
meps_utilization,11,ASR-TI,2,1044,0.0266283524904215
meps_utilization,11,ASR-TI,3,1044,0.0337164750957855
meps_utilization,11,ASR-TI,4,1044,0.0233716475095785
meps_utilization,11,ASR-TI,5,1044,0.0365900383141763
meps_utilization,11,CQR-TI,1,1044,0.149425287356322
meps_utilization,11,CQR-TI,2,1044,0.0842911877394636
meps_utilization,11,CQR-TI,3,1044,0.0457854406130268
meps_utilization,11,CQR-TI,4,1044,0.0289272030651341
meps_utilization,11,CQR-TI,5,1044,0.205938697318008
meps_utilization,12,SR-TI,1,1044,0.0521072796934866
meps_utilization,12,SR-TI,2,1044,0.0329501915708812
meps_utilization,12,SR-TI,3,1044,0.021264367816092
meps_utilization,12,SR-TI,4,1044,0.0195402298850575
meps_utilization,12,SR-TI,5,1044,0.057088122605364
meps_utilization,12,ASR-TI,1,1044,0.0517241379310345
meps_utilization,12,ASR-TI,2,1044,0.0365900383141762
meps_utilization,12,ASR-TI,3,1044,0.0199233716475096
meps_utilization,12,ASR-TI,4,1044,0.0204980842911878
meps_utilization,12,ASR-TI,5,1044,0.0555555555555556
meps_utilization,12,CQR-TI,1,1044,0.169157088122605
meps_utilization,12,CQR-TI,2,1044,0.118773946360153
meps_utilization,12,CQR-TI,3,1044,0.0720306513409962
meps_utilization,12,CQR-TI,4,1044,0.0421455938697318
meps_utilization,12,CQR-TI,5,1044,0.295785440613027
meps_utilization,13,SR-TI,1,1044,0.0758620689655172
meps_utilization,13,SR-TI,2,1044,0.0235632183908047
meps_utilization,13,SR-TI,3,1044,0.0226053639846743
meps_utilization,13,SR-TI,4,1044,0.0348659003831417
meps_utilization,13,SR-TI,5,1044,0.0649425287356322
meps_utilization,13,ASR-TI,1,1044,0.0772030651340996
meps_utilization,13,ASR-TI,2,1044,0.0258620689655172
meps_utilization,13,ASR-TI,3,1044,0.025095785440613
meps_utilization,13,ASR-TI,4,1044,0.0367816091954023
meps_utilization,13,ASR-TI,5,1044,0.0662835249042146
meps_utilization,13,CQR-TI,1,1044,0.153639846743295
meps_utilization,13,CQR-TI,2,1044,0.0706896551724138
meps_utilization,13,CQR-TI,3,1044,0.0593869731800766
meps_utilization,13,CQR-TI,4,1044,0.0275862068965517
meps_utilization,13,CQR-TI,5,1044,0.242145593869732
meps_utilization,14,SR-TI,1,1044,0.0480842911877395
meps_utilization,14,SR-TI,2,1044,0.0258620689655172
meps_utilization,14,SR-TI,3,1044,0.01455938697318
meps_utilization,14,SR-TI,4,1044,0.0408045977011495
meps_utilization,14,SR-TI,5,1044,0.0544061302681992
meps_utilization,14,ASR-TI,1,1044,0.0475095785440614
meps_utilization,14,ASR-TI,2,1044,0.0189655172413793
meps_utilization,14,ASR-TI,3,1044,0.0195402298850574
meps_utilization,14,ASR-TI,4,1044,0.0400383141762452
meps_utilization,14,ASR-TI,5,1044,0.0530651340996168
meps_utilization,14,CQR-TI,1,1044,0.157088122605364
meps_utilization,14,CQR-TI,2,1044,0.0844827586206896
meps_utilization,14,CQR-TI,3,1044,0.0561302681992337
meps_utilization,14,CQR-TI,4,1044,0.0314176245210728
meps_utilization,14,CQR-TI,5,1044,0.231609195402299
meps_utilization,15,SR-TI,1,1044,0.0452107279693487
meps_utilization,15,SR-TI,2,1044,0.0383141762452107
meps_utilization,15,SR-TI,3,1044,0.0237547892720306
meps_utilization,15,SR-TI,4,1044,0.0379310344827586
meps_utilization,15,SR-TI,5,1044,0.0511494252873562
meps_utilization,15,ASR-TI,1,1044,0.0450191570881225
meps_utilization,15,ASR-TI,2,1044,0.0365900383141762
meps_utilization,15,ASR-TI,3,1044,0.0233716475095785
meps_utilization,15,ASR-TI,4,1044,0.0385057471264367
meps_utilization,15,ASR-TI,5,1044,0.0519157088122605
meps_utilization,15,CQR-TI,1,1044,0.16360153256705
meps_utilization,15,CQR-TI,2,1044,0.104789272030651
meps_utilization,15,CQR-TI,3,1044,0.0379310344827586
meps_utilization,15,CQR-TI,4,1044,0.0486590038314176
meps_utilization,15,CQR-TI,5,1044,0.244444444444444
meps_utilization,16,SR-TI,1,1044,0.0580459770114943
meps_utilization,16,SR-TI,2,1044,0.035632183908046
meps_utilization,16,SR-TI,3,1044,0.0203065134099616
meps_utilization,16,SR-TI,4,1044,0.0191570881226054
meps_utilization,16,SR-TI,5,1044,0.0553639846743296
meps_utilization,16,ASR-TI,1,1044,0.0559386973180077
meps_utilization,16,ASR-TI,2,1044,0.0394636015325671
meps_utilization,16,ASR-TI,3,1044,0.021647509578544
meps_utilization,16,ASR-TI,4,1044,0.0172413793103448
meps_utilization,16,ASR-TI,5,1044,0.0636015325670497
meps_utilization,16,CQR-TI,1,1044,0.17816091954023
meps_utilization,16,CQR-TI,2,1044,0.115325670498084
meps_utilization,16,CQR-TI,3,1044,0.0649425287356322
meps_utilization,16,CQR-TI,4,1044,0.05
meps_utilization,16,CQR-TI,5,1044,0.270498084291188
meps_utilization,17,SR-TI,1,1044,0.046360153256705
meps_utilization,17,SR-TI,2,1044,0.0490421455938698
meps_utilization,17,SR-TI,3,1044,0.0201149425287356
meps_utilization,17,SR-TI,4,1044,0.0224137931034483
meps_utilization,17,SR-TI,5,1044,0.0630268199233717
meps_utilization,17,ASR-TI,1,1044,0.0549808429118773
meps_utilization,17,ASR-TI,2,1044,0.0557471264367816
meps_utilization,17,ASR-TI,3,1044,0.0260536398467433
meps_utilization,17,ASR-TI,4,1044,0.0203065134099617
meps_utilization,17,ASR-TI,5,1044,0.0630268199233716
meps_utilization,17,CQR-TI,1,1044,0.182950191570881
meps_utilization,17,CQR-TI,2,1044,0.0984674329501916
meps_utilization,17,CQR-TI,3,1044,0.0639846743295019
meps_utilization,17,CQR-TI,4,1044,0.0630268199233717
meps_utilization,17,CQR-TI,5,1044,0.277394636015326
meps_utilization,18,SR-TI,1,1044,0.0432950191570881
meps_utilization,18,SR-TI,2,1044,0.0482758620689655
meps_utilization,18,SR-TI,3,1044,0.0295019157088122
meps_utilization,18,SR-TI,4,1044,0.0185823754789272
meps_utilization,18,SR-TI,5,1044,0.0875478927203065
meps_utilization,18,ASR-TI,1,1044,0.0434865900383142
meps_utilization,18,ASR-TI,2,1044,0.0446360153256705
meps_utilization,18,ASR-TI,3,1044,0.0314176245210728
meps_utilization,18,ASR-TI,4,1044,0.0168582375478927
meps_utilization,18,ASR-TI,5,1044,0.0938697318007663
meps_utilization,18,CQR-TI,1,1044,0.134674329501916
meps_utilization,18,CQR-TI,2,1044,0.109003831417625
meps_utilization,18,CQR-TI,3,1044,0.0670498084291188
meps_utilization,18,CQR-TI,4,1044,0.0609195402298851
meps_utilization,18,CQR-TI,5,1044,0.240613026819923
meps_utilization,19,SR-TI,1,1044,0.0551724137931035
meps_utilization,19,SR-TI,2,1044,0.0279693486590038
meps_utilization,19,SR-TI,3,1044,0.0174329501915709
meps_utilization,19,SR-TI,4,1044,0.0189655172413793
meps_utilization,19,SR-TI,5,1044,0.0588122605363985
meps_utilization,19,ASR-TI,1,1044,0.0593869731800767
meps_utilization,19,ASR-TI,2,1044,0.0266283524904214
meps_utilization,19,ASR-TI,3,1044,0.0189655172413793
meps_utilization,19,ASR-TI,4,1044,0.0183908045977012
meps_utilization,19,ASR-TI,5,1044,0.057471264367816
meps_utilization,19,CQR-TI,1,1044,0.185632183908046
meps_utilization,19,CQR-TI,2,1044,0.0984674329501916
meps_utilization,19,CQR-TI,3,1044,0.0572796934865901
meps_utilization,19,CQR-TI,4,1044,0.0340996168582376
meps_utilization,19,CQR-TI,5,1044,0.25632183908046
meps_utilization,20,SR-TI,1,1044,0.0578544061302683
meps_utilization,20,SR-TI,2,1044,0.0593869731800766
meps_utilization,20,SR-TI,3,1044,0.0195402298850575
meps_utilization,20,SR-TI,4,1044,0.0417624521072797
meps_utilization,20,SR-TI,5,1044,0.0634099616858238
meps_utilization,20,ASR-TI,1,1044,0.0611111111111111
meps_utilization,20,ASR-TI,2,1044,0.053448275862069
meps_utilization,20,ASR-TI,3,1044,0.0195402298850575
meps_utilization,20,ASR-TI,4,1044,0.0469348659003832
meps_utilization,20,ASR-TI,5,1044,0.0622605363984674
meps_utilization,20,CQR-TI,1,1044,0.151149425287356
meps_utilization,20,CQR-TI,2,1044,0.0672413793103448
meps_utilization,20,CQR-TI,3,1044,0.0515325670498084
meps_utilization,20,CQR-TI,4,1044,0.0526819923371648
meps_utilization,20,CQR-TI,5,1044,0.219731800766284
