dataset,dataset_label,repetition,method,n_train,n_cal,n_eval,lambda,gamma,coverage,mean_width,median_width,q90_width,lower_miss,upper_miss,asr_a_minus,asr_a_plus
cps_wage,CPS 2012 hourly wage,1,SR-TI,9739,9739,9739,0.0137617939489364,0.913761793948936,0.912414005544717,36.8626873720923,32.0441757479768,62.3069717312295,0.0460006160796796,0.0415853783756032,1.12034307126663,1.10686524895307
cps_wage,CPS 2012 hourly wage,1,ASR-TI,9739,9739,9739,0.0137617939489364,0.913761793948936,0.912722045384536,36.72592986685,31.9446684589021,62.0967864516212,0.0452818564534347,0.041996098162029,1.12034307126663,1.10686524895307
cps_wage,CPS 2012 hourly wage,1,CQR-TI,9739,9739,9739,0.0137617939489364,0.913761793948936,0.913132765170962,35.8650216301773,29.3737881763219,57.9191215769785,0.0429202176814868,0.0439470171475511,1.12034307126663,1.10686524895307
cps_wage,CPS 2012 hourly wage,1,Parametric-TI,9739,9739,9739,0.0137617939489364,0.913761793948936,0.948865386589999,44.0504081450175,40.7081729662911,65.9137603632718,0.0283396652633741,0.022794948146627,1.12034307126663,1.10686524895307
cps_wage,CPS 2012 hourly wage,2,SR-TI,9739,9739,9739,0.0137617939489364,0.913761793948936,0.919396241913954,36.9834173946224,31.9033537036781,63.5567839661969,0.039121059657049,0.0414826984289968,1.16576829308787,1.24640633422479
cps_wage,CPS 2012 hourly wage,2,ASR-TI,9739,9739,9739,0.0137617939489364,0.913761793948936,0.917239963035219,37.7200311433738,32.467175797703,64.8435650960311,0.0440496970941575,0.0387103398706233,1.16576829308787,1.24640633422479
cps_wage,CPS 2012 hourly wage,2,CQR-TI,9739,9739,9739,0.0137617939489364,0.913761793948936,0.917958722661464,36.2363578771987,29.3704310944984,59.8849286238123,0.0392237396036554,0.0428175377348804,1.16576829308787,1.24640633422479
cps_wage,CPS 2012 hourly wage,2,Parametric-TI,9739,9739,9739,0.0137617939489364,0.913761793948936,0.9313071157203,37.5462348425074,34.4279608650599,56.3784389902534,0.0334736625936955,0.0352192216860047,1.16576829308787,1.24640633422479
cps_wage,CPS 2012 hourly wage,3,SR-TI,9739,9739,9739,0.0137617939489364,0.913761793948936,0.909949686826163,36.5543266577364,32.471359116218,62.501342507554,0.0471300954923504,0.0429202176814868,1.1695628525825,1.15369583556582
cps_wage,CPS 2012 hourly wage,3,ASR-TI,9739,9739,9739,0.0137617939489364,0.913761793948936,0.909641646986343,36.2763031865276,32.2134042341406,61.990057117214,0.0467193757059246,0.0436389773077318,1.1695628525825,1.15369583556582
cps_wage,CPS 2012 hourly wage,3,CQR-TI,9739,9739,9739,0.0137617939489364,0.913761793948936,0.908717527466886,36.1435956356052,30.5207205754874,59.8066644280932,0.0477461751719889,0.0435362973611254,1.1695628525825,1.15369583556582
cps_wage,CPS 2012 hourly wage,3,Parametric-TI,9739,9739,9739,0.0137617939489364,0.913761793948936,0.936441113050621,40.2594626973551,37.4597486995837,59.4295098888014,0.0332683027004826,0.0302905842488962,1.1695628525825,1.15369583556582
cps_wage,CPS 2012 hourly wage,4,SR-TI,9739,9739,9739,0.0137617939489364,0.913761793948936,0.918574802341103,38.4937625297268,30.4946244132784,68.4290233589957,0.0446657767737961,0.0367594208851011,1.17375808299647,1.20290155686664
cps_wage,CPS 2012 hourly wage,4,ASR-TI,9739,9739,9739,0.0137617939489364,0.913761793948936,0.918266762501283,38.8222283557117,30.705027139188,69.0831549211696,0.0457952561864668,0.0359379813122497,1.17375808299647,1.20290155686664
cps_wage,CPS 2012 hourly wage,4,CQR-TI,9739,9739,9739,0.0137617939489364,0.913761793948936,0.916623883355581,37.1913033425092,30.2577101622371,63.9640559571663,0.0450764965602218,0.0382996200841976,1.17375808299647,1.20290155686664
cps_wage,CPS 2012 hourly wage,4,Parametric-TI,9739,9739,9739,0.0137617939489364,0.913761793948936,0.919909641646986,35.4682343285635,32.5812837928292,52.9825989324264,0.0444604168805832,0.0356299414724304,1.17375808299647,1.20290155686664
cps_wage,CPS 2012 hourly wage,5,SR-TI,9739,9739,9739,0.0137617939489364,0.913761793948936,0.915597083889516,37.7699613928897,32.7400820078116,59.1565089062985,0.0439470171475511,0.0404558989629325,1.16594562938202,1.135052956849
cps_wage,CPS 2012 hourly wage,5,ASR-TI,9739,9739,9739,0.0137617939489364,0.913761793948936,0.916829243248794,37.5192323971553,32.5454382616677,58.7780056898294,0.0416880583222097,0.0414826984289968,1.16594562938202,1.135052956849
cps_wage,CPS 2012 hourly wage,5,CQR-TI,9739,9739,9739,0.0137617939489364,0.913761793948936,0.912722045384536,36.5791682240747,30.4290735866346,61.785092923665,0.0464113358661054,0.0408666187493582,1.16594562938202,1.135052956849
cps_wage,CPS 2012 hourly wage,5,Parametric-TI,9739,9739,9739,0.0137617939489364,0.913761793948936,0.940548310914878,40.4402146138736,37.6257742364494,59.0753873545221,0.0316254235547798,0.0278262655303419,1.16594562938202,1.135052956849
cps_wage,CPS 2012 hourly wage,6,SR-TI,9739,9739,9739,0.0137617939489364,0.913761793948936,0.910463086559195,37.035346129719,30.3143623015274,65.9644813037578,0.0420987781086354,0.0474381353321696,1.15237171895189,1.17759278093807
cps_wage,CPS 2012 hourly wage,6,ASR-TI,9739,9739,9739,0.0137617939489364,0.913761793948936,0.911695245918472,37.4439617822951,30.5985111884144,66.8250311178757,0.0429202176814868,0.0453845364000411,1.15237171895189,1.17759278093807
cps_wage,CPS 2012 hourly wage,6,CQR-TI,9739,9739,9739,0.0137617939489364,0.913761793948936,0.911592565971866,35.236358230473,28.9070102632762,59.1860543897391,0.0422014580552418,0.0462059759728925,1.15237171895189,1.17759278093807
cps_wage,CPS 2012 hourly wage,6,Parametric-TI,9739,9739,9739,0.0137617939489364,0.913761793948936,0.93993223123524,40.1799016851501,37.4576675684384,60.5385628832758,0.0286477051031933,0.0314200636615669,1.15237171895189,1.17759278093807
cps_wage,CPS 2012 hourly wage,7,SR-TI,9739,9739,9739,0.0137617939489364,0.913761793948936,0.913748844850601,36.8878987714406,31.7224459618349,66.7456673210915,0.0447684567204025,0.0414826984289968,1.10204627437164,1.15042055535148
cps_wage,CPS 2012 hourly wage,7,ASR-TI,9739,9739,9739,0.0137617939489364,0.913761793948936,0.914262244583633,37.7862841889849,32.3997619881619,68.6030622666139,0.0469247355991375,0.0388130198172297,1.10204627437164,1.15042055535148
cps_wage,CPS 2012 hourly wage,7,CQR-TI,9739,9739,9739,0.0137617939489364,0.913761793948936,0.912824725331143,36.7918668707695,30.6891493905394,60.3990971272168,0.0479515350652018,0.0392237396036554,1.10204627437164,1.15042055535148
cps_wage,CPS 2012 hourly wage,7,Parametric-TI,9739,9739,9739,0.0137617939489364,0.913761793948936,0.935106273744738,39.0820665346153,36.395221839818,57.9936908520174,0.0343977821131533,0.030495944142109,1.10204627437164,1.15042055535148
cps_wage,CPS 2012 hourly wage,8,SR-TI,9739,9739,9739,0.0137617939489364,0.913761793948936,0.911387206078653,38.1961155134612,31.5427610590337,65.3101746679747,0.0477461751719889,0.0408666187493582,1.12053575369983,1.14424316574492
cps_wage,CPS 2012 hourly wage,8,ASR-TI,9739,9739,9739,0.0137617939489364,0.913761793948936,0.911489886025259,38.5046293022862,31.7432893762436,66.0083620234505,0.0491836944244789,0.0393264195502618,1.12053575369983,1.14424316574492
cps_wage,CPS 2012 hourly wage,8,CQR-TI,9739,9739,9739,0.0137617939489364,0.913761793948936,0.914159564637026,37.4369777820445,30.2080366571723,63.9220368928916,0.0486702946914468,0.0371701406715269,1.12053575369983,1.14424316574492
cps_wage,CPS 2012 hourly wage,8,Parametric-TI,9739,9739,9739,0.0137617939489364,0.913761793948936,0.931409795666906,38.7217191940903,35.3968369703617,58.9192471475964,0.037683540404559,0.0309066639285348,1.12053575369983,1.14424316574492
cps_wage,CPS 2012 hourly wage,9,SR-TI,9739,9739,9739,0.0137617939489364,0.913761793948936,0.916623883355581,36.8427776749545,31.6421222215006,60.4610260457672,0.042714857788274,0.0406612588561454,1.067457993024,1.0572511875862
cps_wage,CPS 2012 hourly wage,9,ASR-TI,9739,9739,9739,0.0137617939489364,0.913761793948936,0.917239963035219,36.7636056404316,31.577087479258,60.3556261005122,0.0418934182154225,0.0408666187493582,1.067457993024,1.0572511875862
cps_wage,CPS 2012 hourly wage,9,CQR-TI,9739,9739,9739,0.0137617939489364,0.913761793948936,0.917137283088613,35.6094685747672,30.5661279511766,55.5330961919151,0.0403532190163261,0.0425094978950611,1.067457993024,1.0572511875862
cps_wage,CPS 2012 hourly wage,9,Parametric-TI,9739,9739,9739,0.0137617939489364,0.913761793948936,0.947017147551083,43.0933667983963,39.8462944814548,63.9193720381026,0.0271075059040969,0.0258753465448198,1.067457993024,1.0572511875862
cps_wage,CPS 2012 hourly wage,10,SR-TI,9739,9739,9739,0.0137617939489364,0.913761793948936,0.923708799671424,38.9815387412037,31.5163738812325,67.4681448216858,0.0395317794434747,0.0367594208851011,1.09707012301486,1.07896028174415
cps_wage,CPS 2012 hourly wage,10,ASR-TI,9739,9739,9739,0.0137617939489364,0.913761793948936,0.924427559297669,38.7977615121761,31.403204090496,67.1211991348199,0.0381969401375911,0.0373755005647397,1.09707012301486,1.07896028174415
cps_wage,CPS 2012 hourly wage,10,CQR-TI,9739,9739,9739,0.0137617939489364,0.913761793948936,0.918266762501283,36.2603651234603,30.1339403093109,59.4650222021582,0.041277338535784,0.0404558989629325,1.09707012301486,1.07896028174415
cps_wage,CPS 2012 hourly wage,10,Parametric-TI,9739,9739,9739,0.0137617939489364,0.913761793948936,0.957695861998152,46.1779272549501,42.4687682388934,70.7291962475185,0.0251565869185748,0.0171475510832734,1.09707012301486,1.07896028174415
cps_wage,CPS 2012 hourly wage,11,SR-TI,9739,9739,9739,0.0137617939489364,0.913761793948936,0.917753362768251,38.7674261565656,31.5127361069211,69.1793947665539,0.0433309374679125,0.0389156997638361,1.15978998520185,1.23613282816775
cps_wage,CPS 2012 hourly wage,11,ASR-TI,9739,9739,9739,0.0137617939489364,0.913761793948936,0.918780162234316,40.1271967283608,32.3933171631422,71.7476154330073,0.0461032960262861,0.0351165417393983,1.15978998520185,1.23613282816775
cps_wage,CPS 2012 hourly wage,11,CQR-TI,9739,9739,9739,0.0137617939489364,0.913761793948936,0.913030085224356,36.5235414602895,30.1951914024853,57.9323638534068,0.0444604168805832,0.0425094978950611,1.15978998520185,1.23613282816775
cps_wage,CPS 2012 hourly wage,11,Parametric-TI,9739,9739,9739,0.0137617939489364,0.913761793948936,0.92843207721532,37.2728268804928,34.497349492215,54.9747452717281,0.0373755005647397,0.0341924222199404,1.15978998520185,1.23613282816775
cps_wage,CPS 2012 hourly wage,12,SR-TI,9739,9739,9739,0.0137617939489364,0.913761793948936,0.914467604476846,37.0979657667938,31.6669638904153,61.907721192242,0.0414826984289968,0.0440496970941575,1.16308934151383,1.18336006041614
cps_wage,CPS 2012 hourly wage,12,ASR-TI,9739,9739,9739,0.0137617939489364,0.913761793948936,0.915597083889516,37.4837186911413,31.9516729973968,62.4843059671073,0.0417907382688161,0.0426121778416675,1.16308934151383,1.18336006041614
cps_wage,CPS 2012 hourly wage,12,CQR-TI,9739,9739,9739,0.0137617939489364,0.913761793948936,0.915699763836123,36.450732905423,29.8613084878014,63.9637831457637,0.0409692986959647,0.0433309374679125,1.16308934151383,1.18336006041614
cps_wage,CPS 2012 hourly wage,12,Parametric-TI,9739,9739,9739,0.0137617939489364,0.913761793948936,0.923503439778211,36.5487960636448,33.3940741023257,55.8078479472575,0.0399424992299004,0.0365540609918883,1.16308934151383,1.18336006041614
cps_wage,CPS 2012 hourly wage,13,SR-TI,9739,9739,9739,0.0137617939489364,0.913761793948936,0.917650682821645,36.9662479596842,33.6793951254679,60.7053423956011,0.0435362973611254,0.0388130198172297,1.13589212132015,1.21502866985875
cps_wage,CPS 2012 hourly wage,13,ASR-TI,9739,9739,9739,0.0137617939489364,0.913761793948936,0.915905123729336,37.8832740618309,34.4780718724057,62.3262448432837,0.0486702946914468,0.0354245815792176,1.13589212132015,1.21502866985875
cps_wage,CPS 2012 hourly wage,13,CQR-TI,9739,9739,9739,0.0137617939489364,0.913761793948936,0.915186364103091,37.5746530361039,31.2058743166618,60.7997038934417,0.0469247355991375,0.0378889002977718,1.13589212132015,1.21502866985875
cps_wage,CPS 2012 hourly wage,13,Parametric-TI,9739,9739,9739,0.0137617939489364,0.913761793948936,0.936543792997228,39.7569098407756,36.4168143232321,60.2772241826591,0.0337817024335147,0.0296745045692576,1.13589212132015,1.21502866985875
cps_wage,CPS 2012 hourly wage,14,SR-TI,9739,9739,9739,0.0137617939489364,0.913761793948936,0.917137283088613,36.6715306457902,32.1509796888908,60.356462128598,0.0420987781086354,0.0407639388027518,1.18133850976451,1.16772822350709
cps_wage,CPS 2012 hourly wage,14,ASR-TI,9739,9739,9739,0.0137617939489364,0.913761793948936,0.916418523462368,36.4594279911557,31.9792479812527,59.867681429185,0.0417907382688161,0.0417907382688161,1.18133850976451,1.16772822350709
cps_wage,CPS 2012 hourly wage,14,CQR-TI,9739,9739,9739,0.0137617939489364,0.913761793948936,0.914467604476846,36.2274311583594,30.5356158411009,58.651203220451,0.0443577369339768,0.0411746585891775,1.18133850976451,1.16772822350709
cps_wage,CPS 2012 hourly wage,14,Parametric-TI,9739,9739,9739,0.0137617939489364,0.913761793948936,0.923195399938392,36.2674999314407,33.3989962662172,54.6534246341755,0.0410719786425711,0.0357326214190369,1.18133850976451,1.16772822350709
cps_wage,CPS 2012 hourly wage,15,SR-TI,9739,9739,9739,0.0137617939489364,0.913761793948936,0.916110483622549,37.7946120815322,32.1766233305247,69.049767776869,0.042714857788274,0.0411746585891775,1.08564874142291,1.16138299367279
cps_wage,CPS 2012 hourly wage,15,ASR-TI,9739,9739,9739,0.0137617939489364,0.913761793948936,0.917650682821645,39.3514527998894,33.4058373691288,72.1613571765694,0.0452818564534347,0.0370674607249204,1.08564874142291,1.16138299367279
cps_wage,CPS 2012 hourly wage,15,CQR-TI,9739,9739,9739,0.0137617939489364,0.913761793948936,0.913851524797207,36.7836283471122,29.9221592893996,61.9168824187407,0.0446657767737961,0.0414826984289968,1.08564874142291,1.16138299367279
cps_wage,CPS 2012 hourly wage,15,Parametric-TI,9739,9739,9739,0.0137617939489364,0.913761793948936,0.95112434541534,44.4202954826731,41.1323259641403,66.7816300330214,0.0252592668651812,0.0236163877194784,1.08564874142291,1.16138299367279
cps_wage,CPS 2012 hourly wage,16,SR-TI,9739,9739,9739,0.0137617939489364,0.913761793948936,0.91118184618544,36.07931839381,32.5930609812084,60.6090846695164,0.0434336174145189,0.0453845364000411,1.16052656305826,1.19280014003864
cps_wage,CPS 2012 hourly wage,16,ASR-TI,9739,9739,9739,0.0137617939489364,0.913761793948936,0.912003285758291,36.6356026519164,33.1140722113169,61.6391299446949,0.0447684567204025,0.0432282575213061,1.16052656305826,1.19280014003864
cps_wage,CPS 2012 hourly wage,16,CQR-TI,9739,9739,9739,0.0137617939489364,0.913761793948936,0.913235445117568,35.7173043940302,29.7231934503536,59.7200559334082,0.0408666187493582,0.0458979361330732,1.16052656305826,1.19280014003864
cps_wage,CPS 2012 hourly wage,16,Parametric-TI,9739,9739,9739,0.0137617939489364,0.913761793948936,0.936851832837047,39.3923422906268,36.3964073574238,58.903237247547,0.0322415032344183,0.0309066639285348,1.16052656305826,1.19280014003864
cps_wage,CPS 2012 hourly wage,17,SR-TI,9739,9739,9739,0.0137617939489364,0.913761793948936,0.912927405277749,36.1679961715513,30.8095899475885,61.3739801077311,0.0443577369339768,0.042714857788274,1.09447579819199,1.21395634572981
cps_wage,CPS 2012 hourly wage,17,ASR-TI,9739,9739,9739,0.0137617939489364,0.913761793948936,0.909949686826163,37.9194912949291,32.1959445459344,65.0927272527791,0.0521614128760653,0.0378889002977718,1.09447579819199,1.21395634572981
cps_wage,CPS 2012 hourly wage,17,CQR-TI,9739,9739,9739,0.0137617939489364,0.913761793948936,0.911900605811685,35.7590643149226,30.5175003506677,58.9695509612542,0.0474381353321696,0.0406612588561454,1.09447579819199,1.21395634572981
cps_wage,CPS 2012 hourly wage,17,Parametric-TI,9739,9739,9739,0.0137617939489364,0.913761793948936,0.948762706643393,43.1676298571256,39.9605690594122,64.8886381659897,0.0265941061710648,0.0246431871855427,1.09447579819199,1.21395634572981
cps_wage,CPS 2012 hourly wage,18,SR-TI,9739,9739,9739,0.0137617939489364,0.913761793948936,0.914570284423452,37.6041991844467,31.2875893687259,63.4462165331848,0.0448711366670089,0.040558578909539,1.19857243269578,1.21651900056578
cps_wage,CPS 2012 hourly wage,18,ASR-TI,9739,9739,9739,0.0137617939489364,0.913761793948936,0.914467604476846,37.860591534058,31.4749660054118,63.8701053232513,0.0460006160796796,0.0395317794434747,1.19857243269578,1.21651900056578
cps_wage,CPS 2012 hourly wage,18,CQR-TI,9739,9739,9739,0.0137617939489364,0.913761793948936,0.916623883355581,36.2008491082024,29.8966879013618,57.8689907126077,0.0417907382688161,0.0415853783756032,1.19857243269578,1.21651900056578
cps_wage,CPS 2012 hourly wage,18,Parametric-TI,9739,9739,9739,0.0137617939489364,0.913761793948936,0.920628401273231,36.1747667316615,32.8482589466422,54.8947093205633,0.0411746585891775,0.0381969401375911,1.19857243269578,1.21651900056578
cps_wage,CPS 2012 hourly wage,19,SR-TI,9739,9739,9739,0.0137617939489364,0.913761793948936,0.910463086559195,36.431895704268,32.2436752602368,58.0976544406895,0.0472327754389568,0.0423041380018482,1.14901960359945,1.17045974718105
cps_wage,CPS 2012 hourly wage,19,ASR-TI,9739,9739,9739,0.0137617939489364,0.913761793948936,0.910052366772769,36.7851603543145,32.5646826014818,58.6949660737169,0.0485676147448403,0.0413800184823904,1.14901960359945,1.17045974718105
cps_wage,CPS 2012 hourly wage,19,CQR-TI,9739,9739,9739,0.0137617939489364,0.913761793948936,0.90974432693295,36.1509960735801,29.6725706478551,60.6521333380102,0.0475408152787761,0.042714857788274,1.14901960359945,1.17045974718105
cps_wage,CPS 2012 hourly wage,19,Parametric-TI,9739,9739,9739,0.0137617939489364,0.913761793948936,0.931409795666906,38.7468085530766,36.3025786602865,57.2984389406019,0.0366567409384947,0.031933463394599,1.14901960359945,1.17045974718105
cps_wage,CPS 2012 hourly wage,20,SR-TI,9739,9739,9739,0.0137617939489364,0.913761793948936,0.90686928842797,35.3177793996474,30.7591371101611,56.8160704945529,0.0453845364000411,0.0477461751719889,1.11797431848789,1.19198763277492
cps_wage,CPS 2012 hourly wage,20,ASR-TI,9739,9739,9739,0.0137617939489364,0.913761793948936,0.907690728000821,36.6340389592461,31.830662896096,59.0669829182179,0.0490810144778725,0.0432282575213061,1.11797431848789,1.19198763277492
cps_wage,CPS 2012 hourly wage,20,CQR-TI,9739,9739,9739,0.0137617939489364,0.913761793948936,0.906355888694938,35.6441698722567,29.4356893618371,58.9009182882242,0.0485676147448403,0.0450764965602218,1.11797431848789,1.19198763277492
cps_wage,CPS 2012 hourly wage,20,Parametric-TI,9739,9739,9739,0.0137617939489364,0.913761793948936,0.931101755827087,38.5959420879,35.4736980684398,58.7444963418785,0.0346031420063662,0.0342951021665469,1.11797431848789,1.19198763277492
superconductivity,Superconductivity critical temperature,1,SR-TI,7087,7087,7089,0.0161324756230171,0.916132475623017,0.921427563831288,44.0863738950057,39.7710720767623,83.1308808966545,0.0349837776837354,0.0435886584849767,0.104046753317117,0.106227463428501
superconductivity,Superconductivity critical temperature,1,ASR-TI,7087,7087,7089,0.0161324756230171,0.916132475623017,0.921709691070673,44.195535352129,39.9391030948485,83.2053425195509,0.0358301594018903,0.0424601495274369,0.104046753317117,0.106227463428501
superconductivity,Superconductivity critical temperature,1,CQR-TI,7087,7087,7089,0.0161324756230171,0.916132475623017,0.920157991254056,46.3734101509623,36.8633757875834,81.9048255379867,0.0341373959655805,0.045704612780364,0.104046753317117,0.106227463428501
superconductivity,Superconductivity critical temperature,1,Parametric-TI,7087,7087,7089,0.0161324756230171,0.916132475623017,0.908308647199887,39.6512111651303,45.0389383556845,47.0068663953076,0.0497954577514459,0.041895895048667,0.104046753317117,0.106227463428501
superconductivity,Superconductivity critical temperature,2,SR-TI,7087,7087,7089,0.0161324756230171,0.916132475623017,0.916772464381436,42.7227790683491,39.1302000932784,79.4599588797325,0.0448582310622091,0.0383693045563549,0.134574126931005,0.126964003308785
superconductivity,Superconductivity critical temperature,2,ASR-TI,7087,7087,7089,0.0161324756230171,0.916132475623017,0.917336718860206,42.3768957052632,38.5147437288623,79.1450141989612,0.0417548314289745,0.0409084497108196,0.134574126931005,0.126964003308785
superconductivity,Superconductivity critical temperature,2,CQR-TI,7087,7087,7089,0.0161324756230171,0.916132475623017,0.920016927634363,45.2787521660691,37.003777777745,79.1908967627922,0.0403441952320497,0.0396388771335872,0.134574126931005,0.126964003308785
superconductivity,Superconductivity critical temperature,2,Parametric-TI,7087,7087,7089,0.0161324756230171,0.916132475623017,0.912822683030047,40.0525319527307,44.7251697584869,47.4692545434909,0.0534631118634504,0.033714205106503,0.134574126931005,0.126964003308785
superconductivity,Superconductivity critical temperature,3,SR-TI,7087,7087,7089,0.0161324756230171,0.916132475623017,0.918183100578361,44.4505029988624,37.7008998285889,83.7942363090908,0.045140358301594,0.0366765411200451,0.0954995495570558,0.0914387722165023
superconductivity,Superconductivity critical temperature,3,ASR-TI,7087,7087,7089,0.0161324756230171,0.916132475623017,0.917336718860206,44.3852557666084,37.5039473892378,83.8014610057922,0.0434475948652842,0.0392156862745098,0.0954995495570558,0.0914387722165023
superconductivity,Superconductivity critical temperature,3,CQR-TI,7087,7087,7089,0.0161324756230171,0.916132475623017,0.915079700945126,45.6403560097069,38.5465072262237,79.4961694914114,0.0348427140640429,0.0500775849908309,0.0954995495570558,0.0914387722165023
superconductivity,Superconductivity critical temperature,3,Parametric-TI,7087,7087,7089,0.0161324756230171,0.916132475623017,0.894766539709409,38.231482106858,44.1793128444353,44.9462994583542,0.063901819720694,0.041331640569897,0.0954995495570558,0.0914387722165023
superconductivity,Superconductivity critical temperature,4,SR-TI,7087,7087,7089,0.0161324756230171,0.916132475623017,0.90732120186204,38.550757178533,34.6237468244733,69.1595119833314,0.0519114120468331,0.0407673860911271,0.11782914927429,0.123376790523874
superconductivity,Superconductivity critical temperature,4,ASR-TI,7087,7087,7089,0.0161324756230171,0.916132475623017,0.906615883763577,38.502180712482,34.620375123765,68.8205187182225,0.0547326844406828,0.0386514317957399,0.11782914927429,0.123376790523874
superconductivity,Superconductivity critical temperature,4,CQR-TI,7087,7087,7089,0.0161324756230171,0.916132475623017,0.914092255607279,46.3860010409875,41.328508516896,80.1239373110511,0.0373818592185076,0.0485258851742136,0.11782914927429,0.123376790523874
superconductivity,Superconductivity critical temperature,4,Parametric-TI,7087,7087,7089,0.0161324756230171,0.916132475623017,0.894625476089716,37.6245219708451,43.7729857968108,43.9642993334826,0.064183946960079,0.0411905769502045,0.11782914927429,0.123376790523874
superconductivity,Superconductivity critical temperature,5,SR-TI,7087,7087,7089,0.0161324756230171,0.916132475623017,0.917477782479898,39.9702234069388,35.3296340356053,75.2488491664928,0.0461278036394414,0.0363944138806602,0.843601834943195,0.836956534941658
superconductivity,Superconductivity critical temperature,5,ASR-TI,7087,7087,7089,0.0161324756230171,0.916132475623017,0.917618846099591,39.9786950181369,35.3133789930569,75.3142341513645,0.0458456764000564,0.0365354775003527,0.843601834943195,0.836956534941658
superconductivity,Superconductivity critical temperature,5,CQR-TI,7087,7087,7089,0.0161324756230171,0.916132475623017,0.918183100578361,46.4290773611656,39.9496136631546,80.8261502439841,0.0382282409366624,0.0435886584849767,0.843601834943195,0.836956534941658
superconductivity,Superconductivity critical temperature,5,Parametric-TI,7087,7087,7089,0.0161324756230171,0.916132475623017,0.898575257441106,38.3325955118321,44.9461270814264,44.9461270814264,0.0626322471434617,0.0387924954154324,0.843601834943195,0.836956534941658
superconductivity,Superconductivity critical temperature,6,SR-TI,7087,7087,7089,0.0161324756230171,0.916132475623017,0.9249541543236,41.6757600865226,36.796976357231,75.5303225238269,0.0409084497108196,0.0341373959655805,0.113389517361427,0.117870149280682
superconductivity,Superconductivity critical temperature,6,ASR-TI,7087,7087,7089,0.0161324756230171,0.916132475623017,0.926787981379602,42.0551360984089,37.162462054899,76.0621187087126,0.041895895048667,0.0313161235717309,0.113389517361427,0.117870149280682
superconductivity,Superconductivity critical temperature,6,CQR-TI,7087,7087,7089,0.0161324756230171,0.916132475623017,0.923120327267598,45.4546231035546,39.8832231750154,80.2462447241729,0.0308929327126534,0.0459867400197489,0.113389517361427,0.117870149280682
superconductivity,Superconductivity critical temperature,6,Parametric-TI,7087,7087,7089,0.0161324756230171,0.916132475623017,0.921145436591903,40.6171256665006,45.4841087302386,48.277489849859,0.0433065312455918,0.0355480321625053,0.113389517361427,0.117870149280682
superconductivity,Superconductivity critical temperature,7,SR-TI,7087,7087,7089,0.0161324756230171,0.916132475623017,0.918747355057131,41.3995808145411,38.4859695707278,76.0549438314736,0.0434475948652842,0.037805050077585,0.0881733964999615,0.0924986895688701
superconductivity,Superconductivity critical temperature,7,ASR-TI,7087,7087,7089,0.0161324756230171,0.916132475623017,0.918606291437438,41.6303973489162,38.8125496520295,76.1766641566706,0.045704612780364,0.0356890957821978,0.0881733964999615,0.0924986895688701
superconductivity,Superconductivity critical temperature,7,CQR-TI,7087,7087,7089,0.0161324756230171,0.916132475623017,0.915785019043589,46.2429070320812,38.7395207702747,79.2888456135232,0.0361122866412752,0.0481026943151361,0.0881733964999615,0.0924986895688701
superconductivity,Superconductivity critical temperature,7,Parametric-TI,7087,7087,7089,0.0161324756230171,0.916132475623017,0.893779094371562,37.6625515817187,44.173872831049,44.173872831049,0.0592467202708422,0.0469741853575963,0.0881733964999615,0.0924986895688701
superconductivity,Superconductivity critical temperature,8,SR-TI,7087,7087,7089,0.0161324756230171,0.916132475623017,0.915220764564819,39.7021368232589,35.1293578964821,70.4778515614006,0.0452814219212865,0.0394978135138948,0.0756620481747621,0.0860009098634196
superconductivity,Superconductivity critical temperature,8,ASR-TI,7087,7087,7089,0.0161324756230171,0.916132475623017,0.917054591620821,40.7157288662008,35.9502725676636,71.7478918326828,0.0514882211877557,0.0314571871914233,0.0756620481747621,0.0860009098634196
superconductivity,Superconductivity critical temperature,8,CQR-TI,7087,7087,7089,0.0161324756230171,0.916132475623017,0.923684581746368,45.7160432670602,39.5467829787323,79.1809733719584,0.0349837776837354,0.041331640569897,0.0756620481747621,0.0860009098634196
superconductivity,Superconductivity critical temperature,8,Parametric-TI,7087,7087,7089,0.0161324756230171,0.916132475623017,0.906474820143885,38.8281537252932,44.2494448695356,45.822645426423,0.0562843842573,0.0372407955988151,0.0756620481747621,0.0860009098634196
superconductivity,Superconductivity critical temperature,9,SR-TI,7087,7087,7089,0.0161324756230171,0.916132475623017,0.914092255607279,41.7784039852645,39.3799473585898,75.2351624070512,0.0488080124135985,0.0370997319791226,0.111048421339953,0.107436965688163
superconductivity,Superconductivity critical temperature,9,ASR-TI,7087,7087,7089,0.0161324756230171,0.916132475623017,0.913810128367894,41.5070260731,39.0780500150109,74.917090553953,0.0472563125969812,0.0389335590351248,0.111048421339953,0.107436965688163
superconductivity,Superconductivity critical temperature,9,CQR-TI,7087,7087,7089,0.0161324756230171,0.916132475623017,0.912822683030047,45.7023359273665,42.038548079534,79.289521486246,0.0402031316123572,0.0469741853575963,0.111048421339953,0.107436965688163
superconductivity,Superconductivity critical temperature,9,Parametric-TI,7087,7087,7089,0.0161324756230171,0.916132475623017,0.904640993087883,38.4974525019338,44.1865078686133,45.4991245113145,0.0538863027225279,0.0414727041895895,0.111048421339953,0.107436965688163
superconductivity,Superconductivity critical temperature,10,SR-TI,7087,7087,7089,0.0161324756230171,0.916132475623017,0.921991818310058,43.8002831250255,40.3593143141871,82.3715678177048,0.0361122866412752,0.041895895048667,0.11031881994329,0.108920955069681
superconductivity,Superconductivity critical temperature,10,ASR-TI,7087,7087,7089,0.0161324756230171,0.916132475623017,0.921427563831288,43.5865609894273,40.14583656373,82.0098738133299,0.0356890957821978,0.0428833403865143,0.11031881994329,0.108920955069681
superconductivity,Superconductivity critical temperature,10,CQR-TI,7087,7087,7089,0.0161324756230171,0.916132475623017,0.918606291437438,46.260088312491,40.9099433184185,79.3408696775894,0.0355480321625053,0.0458456764000564,0.11031881994329,0.108920955069681
superconductivity,Superconductivity critical temperature,10,Parametric-TI,7087,7087,7089,0.0161324756230171,0.916132475623017,0.916913528001128,40.4839996800246,45.1032380027975,48.0359732539678,0.0447171674425166,0.0383693045563549,0.11031881994329,0.108920955069681
superconductivity,Superconductivity critical temperature,11,SR-TI,7087,7087,7089,0.0161324756230171,0.916132475623017,0.914092255607279,41.5495245026087,36.3778925187635,75.0518567485114,0.0458456764000564,0.0400620679926647,0.0827234160896241,0.0714089236670834
superconductivity,Superconductivity critical temperature,11,ASR-TI,7087,7087,7089,0.0161324756230171,0.916132475623017,0.914656510086049,41.0842398141291,35.3363558267828,75.1337750880756,0.0382282409366624,0.0471152489772888,0.0827234160896241,0.0714089236670834
superconductivity,Superconductivity critical temperature,11,CQR-TI,7087,7087,7089,0.0161324756230171,0.916132475623017,0.909296092537734,45.6104805265301,37.5066021056595,78.9395059722672,0.0437297221046692,0.0469741853575963,0.0827234160896241,0.0714089236670834
superconductivity,Superconductivity critical temperature,11,Parametric-TI,7087,7087,7089,0.0161324756230171,0.916132475623017,0.907744392721117,39.2065115235567,44.2950214975112,46.2221496479387,0.049231203272676,0.0430244040062068,0.0827234160896241,0.0714089236670834
superconductivity,Superconductivity critical temperature,12,SR-TI,7087,7087,7089,0.0161324756230171,0.916132475623017,0.921991818310058,41.5406637071973,38.1470586398366,74.2264988000099,0.045422485540979,0.0325856961489632,0.128364825494147,0.125288466198111
superconductivity,Superconductivity critical temperature,12,ASR-TI,7087,7087,7089,0.0161324756230171,0.916132475623017,0.921850754690365,41.3683076425337,37.9587025400704,74.0349659198635,0.0447171674425166,0.0334320778671181,0.128364825494147,0.125288466198111
superconductivity,Superconductivity critical temperature,12,CQR-TI,7087,7087,7089,0.0161324756230171,0.916132475623017,0.911270983213429,46.1929251219267,39.2522910571162,80.5003709096084,0.0404852588517421,0.0482437579348286,0.128364825494147,0.125288466198111
superconductivity,Superconductivity critical temperature,12,Parametric-TI,7087,7087,7089,0.0161324756230171,0.916132475623017,0.917195655240513,40.683134813822,45.5580066116783,48.2722482443294,0.0497954577514459,0.0330088870080406,0.128364825494147,0.125288466198111
superconductivity,Superconductivity critical temperature,13,SR-TI,7087,7087,7089,0.0161324756230171,0.916132475623017,0.914092255607279,45.83803057298,41.4336151781049,86.9462660083643,0.0507829030892933,0.0351248413034278,0.0710751707517788,0.0622840148839838
superconductivity,Superconductivity critical temperature,13,ASR-TI,7087,7087,7089,0.0161324756230171,0.916132475623017,0.913951191987586,45.0399124814671,40.2229241450262,86.1651629562093,0.0466920581182113,0.0393567498942023,0.0710751707517788,0.0622840148839838
superconductivity,Superconductivity critical temperature,13,CQR-TI,7087,7087,7089,0.0161324756230171,0.916132475623017,0.909719283396812,46.0626242157965,39.0631535706619,79.8435051073822,0.0430244040062068,0.0472563125969812,0.0710751707517788,0.0622840148839838
superconductivity,Superconductivity critical temperature,13,Parametric-TI,7087,7087,7089,0.0161324756230171,0.916132475623017,0.905910565665115,39.9746126240722,45.1824033122148,47.2437018248342,0.0554380025391452,0.0386514317957399,0.0710751707517788,0.0622840148839838
superconductivity,Superconductivity critical temperature,14,SR-TI,7087,7087,7089,0.0161324756230171,0.916132475623017,0.92269713640852,41.5812034287163,37.383785395536,75.1703044635128,0.03808717731697,0.0392156862745098,0.383032747851264,0.396315934552364
superconductivity,Superconductivity critical temperature,14,ASR-TI,7087,7087,7089,0.0161324756230171,0.916132475623017,0.92382564536606,41.693788226736,37.5276152348918,75.1839352426839,0.0389335590351248,0.0372407955988151,0.383032747851264,0.396315934552364
superconductivity,Superconductivity critical temperature,14,CQR-TI,7087,7087,7089,0.0161324756230171,0.916132475623017,0.916631400761744,46.6491672705647,42.0484541076882,80.2305213649679,0.0361122866412752,0.0472563125969812,0.383032747851264,0.396315934552364
superconductivity,Superconductivity critical temperature,14,Parametric-TI,7087,7087,7089,0.0161324756230171,0.916132475623017,0.900832275356186,39.004160944283,45.2415690249165,45.8920369606169,0.0543094935816053,0.0448582310622091,0.383032747851264,0.396315934552364
superconductivity,Superconductivity critical temperature,15,SR-TI,7087,7087,7089,0.0161324756230171,0.916132475623017,0.919311609535901,48.7074736484059,43.6895003360975,91.3357413292037,0.0461278036394414,0.0345605868246579,0.0803336696381962,0.0804469971762609
superconductivity,Superconductivity critical temperature,15,ASR-TI,7087,7087,7089,0.0161324756230171,0.916132475623017,0.919593736775286,48.7444491416926,43.7203169509407,91.4001654663605,0.0461278036394414,0.034278459585273,0.0803336696381962,0.0804469971762609
superconductivity,Superconductivity critical temperature,15,CQR-TI,7087,7087,7089,0.0161324756230171,0.916132475623017,0.913669064748201,45.7988155378184,38.9643625689707,80.5155393519937,0.0365354775003527,0.0497954577514459,0.0803336696381962,0.0804469971762609
superconductivity,Superconductivity critical temperature,15,Parametric-TI,7087,7087,7089,0.0161324756230171,0.916132475623017,0.905487374806038,38.7347954998572,43.91000703664,45.7802132843218,0.0509239667089858,0.0435886584849767,0.0803336696381962,0.0804469971762609
superconductivity,Superconductivity critical temperature,16,SR-TI,7087,7087,7089,0.0161324756230171,0.916132475623017,0.915079700945126,48.1090858424205,43.7277339757363,90.8735630149267,0.0464099308788264,0.0385103681760474,0.0539814044274147,0.05723435281099
superconductivity,Superconductivity critical temperature,16,ASR-TI,7087,7087,7089,0.0161324756230171,0.916132475623017,0.914233319226971,48.0369397797712,43.7807548864938,90.2697680928026,0.0483848215545211,0.0373818592185076,0.0539814044274147,0.05723435281099
superconductivity,Superconductivity critical temperature,16,CQR-TI,7087,7087,7089,0.0161324756230171,0.916132475623017,0.92438989984483,45.5355496879791,39.0979206589713,80.2638266882436,0.0355480321625053,0.0400620679926647,0.0539814044274147,0.05723435281099
superconductivity,Superconductivity critical temperature,16,Parametric-TI,7087,7087,7089,0.0161324756230171,0.916132475623017,0.916349273522359,41.4200782337626,45.9459922858869,49.3825733331912,0.0516292848074482,0.0320214416701933,0.0539814044274147,0.05723435281099
superconductivity,Superconductivity critical temperature,17,SR-TI,7087,7087,7089,0.0161324756230171,0.916132475623017,0.90224291155311,39.2028428388018,35.3600533248561,70.8447173690943,0.0534631118634504,0.0442939765834391,0.109678939841431,0.10897880874122
superconductivity,Superconductivity critical temperature,17,ASR-TI,7087,7087,7089,0.0161324756230171,0.916132475623017,0.902383975172803,39.2031076409572,35.3359776109845,70.8456413644515,0.052757793764988,0.0448582310622091,0.109678939841431,0.10897880874122
superconductivity,Superconductivity critical temperature,17,CQR-TI,7087,7087,7089,0.0161324756230171,0.916132475623017,0.916913528001128,45.2368553924218,37.962024074713,79.7350986250101,0.0397799407532797,0.0433065312455918,0.109678939841431,0.10897880874122
superconductivity,Superconductivity critical temperature,17,Parametric-TI,7087,7087,7089,0.0161324756230171,0.916132475623017,0.910847792354352,39.9173080116729,44.9542976327446,47.3661325396006,0.0540273663422203,0.0351248413034278,0.109678939841431,0.10897880874122
superconductivity,Superconductivity critical temperature,18,SR-TI,7087,7087,7089,0.0161324756230171,0.916132475623017,0.920863309352518,44.4777437242095,39.7824639445358,85.235995764062,0.0394978135138948,0.0396388771335872,0.0974046347143284,0.093903333807909
superconductivity,Superconductivity critical temperature,18,ASR-TI,7087,7087,7089,0.0161324756230171,0.916132475623017,0.920581182113133,44.4137838396258,39.4475606108153,85.1717520697719,0.0376639864578925,0.0417548314289745,0.0974046347143284,0.093903333807909
superconductivity,Superconductivity critical temperature,18,CQR-TI,7087,7087,7089,0.0161324756230171,0.916132475623017,0.92213288192975,46.5080252476994,39.4399656553573,80.2140926760171,0.0321625052898857,0.045704612780364,0.0974046347143284,0.093903333807909
superconductivity,Superconductivity critical temperature,18,Parametric-TI,7087,7087,7089,0.0161324756230171,0.916132475623017,0.913810128367894,40.3836447120658,45.3842514001609,47.8520405215828,0.0510650303286782,0.0351248413034278,0.0974046347143284,0.093903333807909
superconductivity,Superconductivity critical temperature,19,SR-TI,7087,7087,7089,0.0161324756230171,0.916132475623017,0.911553110452814,38.3217609741025,34.1910451992851,69.2402769893552,0.0444350402031316,0.0440118493440542,1.18736101332498,1.21622739199097
superconductivity,Superconductivity critical temperature,19,ASR-TI,7087,7087,7089,0.0161324756230171,0.916132475623017,0.912117364931584,38.3720931078225,34.2710417291388,69.2456944972447,0.045422485540979,0.0424601495274369,1.18736101332498,1.21622739199097
superconductivity,Superconductivity critical temperature,19,CQR-TI,7087,7087,7089,0.0161324756230171,0.916132475623017,0.921709691070673,46.5780013614841,39.2494733777315,81.1568487038634,0.0325856961489632,0.045704612780364,1.18736101332498,1.21622739199097
superconductivity,Superconductivity critical temperature,19,Parametric-TI,7087,7087,7089,0.0161324756230171,0.916132475623017,0.903230356890958,38.5478945475145,44.3454189831208,45.4317460294728,0.0599520383693046,0.0368176047397376,1.18736101332498,1.21622739199097
superconductivity,Superconductivity critical temperature,20,SR-TI,7087,7087,7089,0.0161324756230171,0.916132475623017,0.923966708985753,44.6843189992622,40.5329886254389,82.7730231294498,0.0368176047397376,0.0392156862745098,0.075863515227839,0.0686265150173408
superconductivity,Superconductivity critical temperature,20,ASR-TI,7087,7087,7089,0.0161324756230171,0.916132475623017,0.920722245732826,44.4253228113881,39.9793146861281,82.9271108271395,0.0338552687261955,0.045422485540979,0.075863515227839,0.0686265150173408
superconductivity,Superconductivity critical temperature,20,CQR-TI,7087,7087,7089,0.0161324756230171,0.916132475623017,0.915220764564819,45.9598282410851,39.053879299172,79.2650799158082,0.0358301594018903,0.048949076033291,0.075863515227839,0.0686265150173408
superconductivity,Superconductivity critical temperature,20,Parametric-TI,7087,7087,7089,0.0161324756230171,0.916132475623017,0.914515446466356,40.3580448737442,45.1671836362152,47.9469771456634,0.0516292848074482,0.0338552687261955,0.075863515227839,0.0686265150173408
meps_expenditure,MEPS 2016 total medical expenditure,1,SR-TI,5218,5218,5220,0.0188009674070809,0.918800967407081,0.924137931034483,77119.7595804331,38864.4904992398,168789.876319766,0.0636015325670498,0.0122605363984674,0.05,0.05
meps_expenditure,MEPS 2016 total medical expenditure,1,ASR-TI,5218,5218,5220,0.0188009674070809,0.918800967407081,0.924137931034483,77119.759580433,38864.4904992398,168789.876319765,0.0636015325670498,0.0122605363984674,0.05,0.05
meps_expenditure,MEPS 2016 total medical expenditure,1,CQR-TI,5218,5218,5220,0.0188009674070809,0.918800967407081,0.925670498084291,13326.0746952914,7843.76618462394,28143.3988219508,0.0147509578544061,0.0595785440613027,0.05,0.05
meps_expenditure,MEPS 2016 total medical expenditure,1,Parametric-TI,5218,5218,5220,0.0188009674070809,0.918800967407081,0.876436781609195,108063.93519063,22644.9296883339,280224.087307868,0.102490421455939,0.0210727969348659,0.05,0.05
meps_expenditure,MEPS 2016 total medical expenditure,2,SR-TI,5218,5218,5220,0.0188009674070809,0.918800967407081,0.92088122605364,63240.6248897311,30077.6170719498,138904.488147266,0.0660919540229885,0.0130268199233716,1.39740585138079,1.11957291897677
meps_expenditure,MEPS 2016 total medical expenditure,2,ASR-TI,5218,5218,5220,0.0188009674070809,0.918800967407081,0.921264367816092,35506.9185437385,16528.0612815574,79601.1851533153,0.0517241379310345,0.0270114942528736,1.39740585138079,1.11957291897677
meps_expenditure,MEPS 2016 total medical expenditure,2,CQR-TI,5218,5218,5220,0.0188009674070809,0.918800967407081,0.916858237547893,13554.0857154086,8037.52450791118,29236.2293500283,0.0224137931034483,0.060727969348659,1.39740585138079,1.11957291897677
meps_expenditure,MEPS 2016 total medical expenditure,2,Parametric-TI,5218,5218,5220,0.0188009674070809,0.918800967407081,0.877394636015326,109270.006628374,20449.1650969227,293372.094835421,0.0978927203065134,0.0247126436781609,1.39740585138079,1.11957291897677
meps_expenditure,MEPS 2016 total medical expenditure,3,SR-TI,5218,5218,5220,0.0188009674070809,0.918800967407081,0.916283524904215,59740.7601603768,30260.0938005965,133908.512246991,0.068007662835249,0.0157088122605364,1.32686019638519,0.999979000017004
meps_expenditure,MEPS 2016 total medical expenditure,3,ASR-TI,5218,5218,5220,0.0188009674070809,0.918800967407081,0.915708812260536,28571.9563831362,13721.13300259,66819.374373883,0.0509578544061303,0.0333333333333333,1.32686019638519,0.999979000017004
meps_expenditure,MEPS 2016 total medical expenditure,3,CQR-TI,5218,5218,5220,0.0188009674070809,0.918800967407081,0.916858237547893,12698.2380984791,7314.19855763249,27303.6626503478,0.0195402298850575,0.0636015325670498,1.32686019638519,0.999979000017004
meps_expenditure,MEPS 2016 total medical expenditure,3,Parametric-TI,5218,5218,5220,0.0188009674070809,0.918800967407081,0.873754789272031,93424.596873936,19181.7726902444,263974.741458764,0.100766283524904,0.0254789272030651,1.32686019638519,0.999979000017004
meps_expenditure,MEPS 2016 total medical expenditure,4,SR-TI,5218,5218,5220,0.0188009674070809,0.918800967407081,0.930651340996168,85306.6358461034,38145.6673979623,180253.902490235,0.0568965517241379,0.0124521072796935,1.46972698040137,1.17347643404734
meps_expenditure,MEPS 2016 total medical expenditure,4,ASR-TI,5218,5218,5220,0.0188009674070809,0.918800967407081,0.928352490421456,44233.2818763753,20120.4927652256,95821.6073083481,0.04272030651341,0.0289272030651341,1.46972698040137,1.17347643404734
meps_expenditure,MEPS 2016 total medical expenditure,4,CQR-TI,5218,5218,5220,0.0188009674070809,0.918800967407081,0.912452107279693,13256.7988827161,7316.11690693663,28877.0185058113,0.0231800766283525,0.064367816091954,1.46972698040137,1.17347643404734
meps_expenditure,MEPS 2016 total medical expenditure,4,Parametric-TI,5218,5218,5220,0.0188009674070809,0.918800967407081,0.887164750957854,111697.696643577,22645.5175662969,311959.842919768,0.0919540229885057,0.0208812260536398,1.46972698040137,1.17347643404734
meps_expenditure,MEPS 2016 total medical expenditure,5,SR-TI,5218,5218,5220,0.0188009674070809,0.918800967407081,0.912835249042146,51283.8862189274,29406.6798186708,119982.261734555,0.0689655172413793,0.0181992337164751,1.52472828938365,1.10425010623819
meps_expenditure,MEPS 2016 total medical expenditure,5,ASR-TI,5218,5218,5220,0.0188009674070809,0.918800967407081,0.910727969348659,24868.0822599257,13420.9137972344,59969.1462443981,0.0450191570881226,0.0442528735632184,1.52472828938365,1.10425010623819
meps_expenditure,MEPS 2016 total medical expenditure,5,CQR-TI,5218,5218,5220,0.0188009674070809,0.918800967407081,0.918390804597701,13736.0632925927,7873.96697296501,30025.245078076,0.0264367816091954,0.0551724137931035,1.52472828938365,1.10425010623819
meps_expenditure,MEPS 2016 total medical expenditure,5,Parametric-TI,5218,5218,5220,0.0188009674070809,0.918800967407081,0.889655172413793,125824.59922234,24679.001341364,356979.249850058,0.0894636015325671,0.0208812260536398,1.52472828938365,1.10425010623819
meps_expenditure,MEPS 2016 total medical expenditure,6,SR-TI,5218,5218,5220,0.0188009674070809,0.918800967407081,0.923180076628352,66403.4475190094,35939.5599816779,151626.412162815,0.0603448275862069,0.0164750957854406,1.49118671475193,1.1191995447265
meps_expenditure,MEPS 2016 total medical expenditure,6,ASR-TI,5218,5218,5220,0.0188009674070809,0.918800967407081,0.932567049808429,34280.818001238,18232.207645086,79677.1768295941,0.0373563218390805,0.0300766283524904,1.49118671475193,1.1191995447265
meps_expenditure,MEPS 2016 total medical expenditure,6,CQR-TI,5218,5218,5220,0.0188009674070809,0.918800967407081,0.925862068965517,13287.0755269365,7947.2636295309,30011.4206008733,0.0191570881226054,0.0549808429118774,1.49118671475193,1.1191995447265
meps_expenditure,MEPS 2016 total medical expenditure,6,Parametric-TI,5218,5218,5220,0.0188009674070809,0.918800967407081,0.892337164750958,121425.354585023,23435.6919318689,327304.170233253,0.0921455938697318,0.0155172413793103,1.49118671475193,1.1191995447265
meps_expenditure,MEPS 2016 total medical expenditure,7,SR-TI,5218,5218,5220,0.0188009674070809,0.918800967407081,0.919540229885057,69817.2991830308,32432.3629502772,164135.097162415,0.0666666666666667,0.0137931034482759,1.52160392905196,1.09109601530092
meps_expenditure,MEPS 2016 total medical expenditure,7,ASR-TI,5218,5218,5220,0.0188009674070809,0.918800967407081,0.925478927203065,30746.5837429125,14136.0045510154,73017.3639258558,0.0417624521072797,0.0327586206896552,1.52160392905196,1.09109601530092
meps_expenditure,MEPS 2016 total medical expenditure,7,CQR-TI,5218,5218,5220,0.0188009674070809,0.918800967407081,0.92088122605364,13993.2908463466,7976.34078464359,30111.6796380315,0.0304597701149425,0.0486590038314176,1.52160392905196,1.09109601530092
meps_expenditure,MEPS 2016 total medical expenditure,7,Parametric-TI,5218,5218,5220,0.0188009674070809,0.918800967407081,0.884674329501916,124755.990118066,23707.7854188048,343008.329873641,0.0982758620689655,0.0170498084291188,1.52160392905196,1.09109601530092
meps_expenditure,MEPS 2016 total medical expenditure,8,SR-TI,5218,5218,5220,0.0188009674070809,0.918800967407081,0.920114942528736,83354.2875891984,34976.1137209253,194463.133235008,0.0655172413793104,0.014367816091954,1.31617292146234,1.01095921324572
meps_expenditure,MEPS 2016 total medical expenditure,8,ASR-TI,5218,5218,5220,0.0188009674070809,0.918800967407081,0.922413793103448,39176.143257504,16548.5192993489,92985.2560368508,0.0475095785440613,0.0300766283524904,1.31617292146234,1.01095921324572
meps_expenditure,MEPS 2016 total medical expenditure,8,CQR-TI,5218,5218,5220,0.0188009674070809,0.918800967407081,0.921455938697318,13971.3661462789,7944.89808153966,32258.2512885889,0.0266283524904215,0.0519157088122605,1.31617292146234,1.01095921324572
meps_expenditure,MEPS 2016 total medical expenditure,8,Parametric-TI,5218,5218,5220,0.0188009674070809,0.918800967407081,0.878544061302682,106073.003413653,20922.6650136091,314453.611540015,0.103256704980843,0.0181992337164751,1.31617292146234,1.01095921324572
meps_expenditure,MEPS 2016 total medical expenditure,9,SR-TI,5218,5218,5220,0.0188009674070809,0.918800967407081,0.91992337164751,121505.525368084,46130.0406780397,281915.631372205,0.0630268199233716,0.0170498084291188,0.05,0.05
meps_expenditure,MEPS 2016 total medical expenditure,9,ASR-TI,5218,5218,5220,0.0188009674070809,0.918800967407081,0.91992337164751,121505.525368084,46130.0406780397,281915.631372205,0.0630268199233716,0.0170498084291188,0.05,0.05
meps_expenditure,MEPS 2016 total medical expenditure,9,CQR-TI,5218,5218,5220,0.0188009674070809,0.918800967407081,0.913984674329502,13850.7380747732,7971.40130531115,29516.3131954959,0.0302681992337165,0.0557471264367816,0.05,0.05
meps_expenditure,MEPS 2016 total medical expenditure,9,Parametric-TI,5218,5218,5220,0.0188009674070809,0.918800967407081,0.907662835249042,140030.002667883,26347.0508428747,371853.935641842,0.078544061302682,0.0137931034482759,0.05,0.05
meps_expenditure,MEPS 2016 total medical expenditure,10,SR-TI,5218,5218,5220,0.0188009674070809,0.918800967407081,0.929885057471264,101684.622515021,43034.8714211511,212760.338833995,0.0578544061302682,0.0122605363984674,0.05,0.05
meps_expenditure,MEPS 2016 total medical expenditure,10,ASR-TI,5218,5218,5220,0.0188009674070809,0.918800967407081,0.929885057471264,101684.622515021,43034.8714211511,212760.338833995,0.0578544061302682,0.0122605363984674,0.05,0.05
meps_expenditure,MEPS 2016 total medical expenditure,10,CQR-TI,5218,5218,5220,0.0188009674070809,0.918800967407081,0.930268199233717,15386.1007488513,8565.94820591623,31777.0768092816,0.0210727969348659,0.0486590038314176,0.05,0.05
meps_expenditure,MEPS 2016 total medical expenditure,10,Parametric-TI,5218,5218,5220,0.0188009674070809,0.918800967407081,0.895785440613027,130812.131587892,24753.5282196039,361987.594282919,0.0871647509578544,0.0170498084291188,0.05,0.05
meps_expenditure,MEPS 2016 total medical expenditure,11,SR-TI,5218,5218,5220,0.0188009674070809,0.918800967407081,0.910919540229885,87451.46835218,38766.3111536581,197237.263558808,0.0655172413793104,0.0235632183908046,0.05,0.05
meps_expenditure,MEPS 2016 total medical expenditure,11,ASR-TI,5218,5218,5220,0.0188009674070809,0.918800967407081,0.910919540229885,87451.46835218,38766.3111536581,197237.263558808,0.0655172413793104,0.0235632183908046,0.05,0.05
meps_expenditure,MEPS 2016 total medical expenditure,11,CQR-TI,5218,5218,5220,0.0188009674070809,0.918800967407081,0.919540229885057,14239.5521925865,7949.59565268145,32141.3957982326,0.0237547892720307,0.0567049808429119,0.05,0.05
meps_expenditure,MEPS 2016 total medical expenditure,11,Parametric-TI,5218,5218,5220,0.0188009674070809,0.918800967407081,0.884099616858238,107522.984092565,22159.161076923,315724.446770999,0.096551724137931,0.0193486590038314,0.05,0.05
meps_expenditure,MEPS 2016 total medical expenditure,12,SR-TI,5218,5218,5220,0.0188009674070809,0.918800967407081,0.930651340996168,65295.1234597604,32120.1528709094,152946.953256998,0.0597701149425287,0.00957854406130268,1.3484413564004,1.23213376892952
meps_expenditure,MEPS 2016 total medical expenditure,12,ASR-TI,5218,5218,5220,0.0188009674070809,0.918800967407081,0.932758620689655,50297.4240950174,24004.6050795552,119212.725696232,0.0532567049808429,0.0139846743295019,1.3484413564004,1.23213376892952
meps_expenditure,MEPS 2016 total medical expenditure,12,CQR-TI,5218,5218,5220,0.0188009674070809,0.918800967407081,0.921455938697318,12611.3450477088,7417.78500276523,27839.1011937201,0.0153256704980843,0.0632183908045977,1.3484413564004,1.23213376892952
meps_expenditure,MEPS 2016 total medical expenditure,12,Parametric-TI,5218,5218,5220,0.0188009674070809,0.918800967407081,0.876245210727969,92179.5732507702,18089.9587295776,249928.786333174,0.0996168582375479,0.0241379310344828,1.3484413564004,1.23213376892952
meps_expenditure,MEPS 2016 total medical expenditure,13,SR-TI,5218,5218,5220,0.0188009674070809,0.918800967407081,0.913026819923372,62253.4710930255,28984.3700515258,131884.832053859,0.071264367816092,0.0157088122605364,1.50937384442973,1.10791926194119
meps_expenditure,MEPS 2016 total medical expenditure,13,ASR-TI,5218,5218,5220,0.0188009674070809,0.918800967407081,0.914176245210728,27985.3615201146,12742.1640617791,61142.6844776905,0.0477011494252874,0.0381226053639847,1.50937384442973,1.10791926194119
meps_expenditure,MEPS 2016 total medical expenditure,13,CQR-TI,5218,5218,5220,0.0188009674070809,0.918800967407081,0.91992337164751,13543.717995289,7740.75798324216,28498.0446342818,0.0231800766283525,0.0568965517241379,1.50937384442973,1.10791926194119
meps_expenditure,MEPS 2016 total medical expenditure,13,Parametric-TI,5218,5218,5220,0.0188009674070809,0.918800967407081,0.879693486590038,104085.159316449,19000.3530052138,279390.939682292,0.0982758620689655,0.0220306513409962,1.50937384442973,1.10791926194119
meps_expenditure,MEPS 2016 total medical expenditure,14,SR-TI,5218,5218,5220,0.0188009674070809,0.918800967407081,0.915900383141762,110652.07109048,35408.0905478368,239607.076001296,0.0657088122605364,0.0183908045977012,0.05,0.05
meps_expenditure,MEPS 2016 total medical expenditure,14,ASR-TI,5218,5218,5220,0.0188009674070809,0.918800967407081,0.915900383141762,110652.07109048,35408.0905478368,239607.076001296,0.0657088122605364,0.0183908045977012,0.05,0.05
meps_expenditure,MEPS 2016 total medical expenditure,14,CQR-TI,5218,5218,5220,0.0188009674070809,0.918800967407081,0.916091954022989,14325.6466606133,8509.39128736239,31006.9719682956,0.0275862068965517,0.0563218390804598,0.05,0.05
meps_expenditure,MEPS 2016 total medical expenditure,14,Parametric-TI,5218,5218,5220,0.0188009674070809,0.918800967407081,0.88544061302682,123565.841651718,23232.6986263434,351091.144233221,0.0952107279693487,0.0193486590038314,0.05,0.05
meps_expenditure,MEPS 2016 total medical expenditure,15,SR-TI,5218,5218,5220,0.0188009674070809,0.918800967407081,0.916858237547893,87097.2983690284,32987.2837377704,169698.962387175,0.0691570881226054,0.0139846743295019,1.005743969539,0.869604328970257
meps_expenditure,MEPS 2016 total medical expenditure,15,ASR-TI,5218,5218,5220,0.0188009674070809,0.918800967407081,0.918007662835249,56288.401341386,21369.0061226666,111338.579661615,0.0580459770114943,0.0239463601532567,1.005743969539,0.869604328970257
meps_expenditure,MEPS 2016 total medical expenditure,15,CQR-TI,5218,5218,5220,0.0188009674070809,0.918800967407081,0.916666666666667,13283.6400390098,7956.77366732859,28548.1902855634,0.0247126436781609,0.0586206896551724,1.005743969539,0.869604328970257
meps_expenditure,MEPS 2016 total medical expenditure,15,Parametric-TI,5218,5218,5220,0.0188009674070809,0.918800967407081,0.874712643678161,107146.769498491,19664.6156577422,291069.180304561,0.101149425287356,0.0241379310344828,1.005743969539,0.869604328970257
meps_expenditure,MEPS 2016 total medical expenditure,16,SR-TI,5218,5218,5220,0.0188009674070809,0.918800967407081,0.917624521072797,63679.5247927262,32961.3752962348,139770.766454957,0.0691570881226054,0.0132183908045977,1.52256404077061,1.03172778961505
meps_expenditure,MEPS 2016 total medical expenditure,16,ASR-TI,5218,5218,5220,0.0188009674070809,0.918800967407081,0.918582375478927,26363.1450218857,13390.8509476788,58992.2304262625,0.0440613026819923,0.0373563218390805,1.52256404077061,1.03172778961505
meps_expenditure,MEPS 2016 total medical expenditure,16,CQR-TI,5218,5218,5220,0.0188009674070809,0.918800967407081,0.916858237547893,13994.0416259446,8090.23454153142,31898.6143411376,0.0262452107279694,0.0568965517241379,1.52256404077061,1.03172778961505
meps_expenditure,MEPS 2016 total medical expenditure,16,Parametric-TI,5218,5218,5220,0.0188009674070809,0.918800967407081,0.888122605363985,127773.235445877,23580.2284792627,372285.46519608,0.0942528735632184,0.0176245210727969,1.52256404077061,1.03172778961505
meps_expenditure,MEPS 2016 total medical expenditure,17,SR-TI,5218,5218,5220,0.0188009674070809,0.918800967407081,0.920689655172414,94766.8729495272,34351.3190880438,204991.671835547,0.0630268199233716,0.0162835249042146,0.915076484110518,0.750823686597915
meps_expenditure,MEPS 2016 total medical expenditure,17,ASR-TI,5218,5218,5220,0.0188009674070809,0.918800967407081,0.914750957854406,49341.1462054272,18112.8139979714,112931.611578732,0.0542145593869732,0.0310344827586207,0.915076484110518,0.750823686597915
meps_expenditure,MEPS 2016 total medical expenditure,17,CQR-TI,5218,5218,5220,0.0188009674070809,0.918800967407081,0.924904214559387,13232.6524672863,7322.14542718389,29427.8886156886,0.0170498084291188,0.0580459770114943,0.915076484110518,0.750823686597915
meps_expenditure,MEPS 2016 total medical expenditure,17,Parametric-TI,5218,5218,5220,0.0188009674070809,0.918800967407081,0.886590038314176,110226.370862374,22629.8772037115,306657.420712688,0.09272030651341,0.0206896551724138,0.915076484110518,0.750823686597915
meps_expenditure,MEPS 2016 total medical expenditure,18,SR-TI,5218,5218,5220,0.0188009674070809,0.918800967407081,0.919157088122605,97677.4160949448,26298.4119419603,198721.601141509,0.064367816091954,0.0164750957854406,1.46889716893082,1.15573522561171
meps_expenditure,MEPS 2016 total medical expenditure,18,ASR-TI,5218,5218,5220,0.0188009674070809,0.918800967407081,0.923946360153257,51533.1175524617,14479.7014280401,108576.168559241,0.0448275862068966,0.0312260536398467,1.46889716893082,1.15573522561171
meps_expenditure,MEPS 2016 total medical expenditure,18,CQR-TI,5218,5218,5220,0.0188009674070809,0.918800967407081,0.923563218390805,13323.6532344335,7641.31435441356,31369.2228594603,0.0189655172413793,0.0574712643678161,1.46889716893082,1.15573522561171
meps_expenditure,MEPS 2016 total medical expenditure,18,Parametric-TI,5218,5218,5220,0.0188009674070809,0.918800967407081,0.891379310344828,116831.956207844,21072.5647699359,329873.657062964,0.0873563218390805,0.021264367816092,1.46889716893082,1.15573522561171
meps_expenditure,MEPS 2016 total medical expenditure,19,SR-TI,5218,5218,5220,0.0188009674070809,0.918800967407081,0.916858237547893,74858.2123829685,27857.4454485267,192639.521317307,0.0674329501915709,0.0157088122605364,1.54067340394673,1.08036875587123
meps_expenditure,MEPS 2016 total medical expenditure,19,ASR-TI,5218,5218,5220,0.0188009674070809,0.918800967407081,0.918582375478927,32342.7797209239,11980.398059327,85403.8308194084,0.0423371647509579,0.0390804597701149,1.54067340394673,1.08036875587123
meps_expenditure,MEPS 2016 total medical expenditure,19,CQR-TI,5218,5218,5220,0.0188009674070809,0.918800967407081,0.921647509578544,13506.7499303112,7554.26846091161,30465.4347245328,0.0191570881226054,0.0591954022988506,1.54067340394673,1.08036875587123
meps_expenditure,MEPS 2016 total medical expenditure,19,Parametric-TI,5218,5218,5220,0.0188009674070809,0.918800967407081,0.872222222222222,93978.0090389231,18451.0902900665,259583.896310924,0.103831417624521,0.0239463601532567,1.54067340394673,1.08036875587123
meps_expenditure,MEPS 2016 total medical expenditure,20,SR-TI,5218,5218,5220,0.0188009674070809,0.918800967407081,0.919348659003832,92890.3568765573,38913.4679295438,212108.144913568,0.0614942528735632,0.0191570881226054,0.05,0.05
meps_expenditure,MEPS 2016 total medical expenditure,20,ASR-TI,5218,5218,5220,0.0188009674070809,0.918800967407081,0.919348659003832,92890.3568765573,38913.4679295438,212108.144913568,0.0614942528735632,0.0191570881226054,0.05,0.05
meps_expenditure,MEPS 2016 total medical expenditure,20,CQR-TI,5218,5218,5220,0.0188009674070809,0.918800967407081,0.915708812260536,14154.2414721853,7951.1953069988,31265.859249672,0.0281609195402299,0.0561302681992337,0.05,0.05
meps_expenditure,MEPS 2016 total medical expenditure,20,Parametric-TI,5218,5218,5220,0.0188009674070809,0.918800967407081,0.87911877394636,106199.384266152,21047.6032982847,283476.228512801,0.10095785440613,0.0199233716475096,0.05,0.05
meps_utilization,MEPS 2016 health-care utilization (sensitivity),1,SR-TI,5218,5218,5220,0.0188009674070809,0.918800967407081,0.917624521072797,32.9423563826123,11.0618909407136,61.8597601714905,0.0229885057471264,0.0593869731800766,1.23978698809617,1.35865961304767
meps_utilization,MEPS 2016 health-care utilization (sensitivity),1,ASR-TI,5218,5218,5220,0.0188009674070809,0.918800967407081,0.916475095785441,35.9835196888446,11.7496830017023,66.4770831149209,0.0298850574712644,0.053639846743295,1.23978698809617,1.35865961304767
meps_utilization,MEPS 2016 health-care utilization (sensitivity),1,CQR-TI,5218,5218,5220,0.0188009674070809,0.918800967407081,0.93448275862069,25.3657113068631,11.8867326040932,48.273911391019,0.00670498084291188,0.0588122605363985,1.23978698809617,1.35865961304767
meps_utilization,MEPS 2016 health-care utilization (sensitivity),1,Parametric-TI,5218,5218,5220,0.0188009674070809,0.918800967407081,0.918199233716475,20.7405024733673,12.4766994999249,45.2815498752884,0.0239463601532567,0.0578544061302682,1.23978698809617,1.35865961304767
meps_utilization,MEPS 2016 health-care utilization (sensitivity),2,SR-TI,5218,5218,5220,0.0188009674070809,0.918800967407081,0.918007662835249,27.6068263584041,11.5402623721261,54.2048822621284,0.0201149425287356,0.0618773946360153,1.23333872502883,1.30813132152366
meps_utilization,MEPS 2016 health-care utilization (sensitivity),2,ASR-TI,5218,5218,5220,0.0188009674070809,0.918800967407081,0.916666666666667,28.7455216896304,11.9219598308323,56.1699041716073,0.0239463601532567,0.0593869731800766,1.23333872502883,1.30813132152366
meps_utilization,MEPS 2016 health-care utilization (sensitivity),2,CQR-TI,5218,5218,5220,0.0188009674070809,0.918800967407081,0.923563218390805,25.0273252497872,12.4970390977722,44.933409132618,0.014176245210728,0.0622605363984674,1.23333872502883,1.30813132152366
meps_utilization,MEPS 2016 health-care utilization (sensitivity),2,Parametric-TI,5218,5218,5220,0.0188009674070809,0.918800967407081,0.910536398467433,19.7814636961852,11.9900394236723,41.9713214828544,0.0266283524904215,0.0628352490421456,1.23333872502883,1.30813132152366
meps_utilization,MEPS 2016 health-care utilization (sensitivity),3,SR-TI,5218,5218,5220,0.0188009674070809,0.918800967407081,0.913026819923372,28.0367511102448,11.1864586600447,55.2746116911952,0.0193486590038314,0.0676245210727969,1.26081931999112,1.22133980088728
meps_utilization,MEPS 2016 health-care utilization (sensitivity),3,ASR-TI,5218,5218,5220,0.0188009674070809,0.918800967407081,0.911877394636015,27.5388526876844,11.034858559323,54.2971826383609,0.018007662835249,0.0701149425287356,1.26081931999112,1.22133980088728
meps_utilization,MEPS 2016 health-care utilization (sensitivity),3,CQR-TI,5218,5218,5220,0.0188009674070809,0.918800967407081,0.930651340996168,25.2429078867751,11.9632734573097,47.7269779326823,0.00670498084291188,0.0626436781609195,1.26081931999112,1.22133980088728
meps_utilization,MEPS 2016 health-care utilization (sensitivity),3,Parametric-TI,5218,5218,5220,0.0188009674070809,0.918800967407081,0.914367816091954,20.4274052268206,12.233607969064,41.2244467798208,0.0233716475095785,0.0622605363984674,1.26081931999112,1.22133980088728
meps_utilization,MEPS 2016 health-care utilization (sensitivity),4,SR-TI,5218,5218,5220,0.0188009674070809,0.918800967407081,0.914176245210728,30.7949678882444,12.8584758123139,59.594555111268,0.0270114942528736,0.0588122605363985,1.11459507677167,1.41790053780081
meps_utilization,MEPS 2016 health-care utilization (sensitivity),4,ASR-TI,5218,5218,5220,0.0188009674070809,0.918800967407081,0.911494252873563,39.3651533745071,15.5668138131597,74.8167899562323,0.0425287356321839,0.0459770114942529,1.11459507677167,1.41790053780081
meps_utilization,MEPS 2016 health-care utilization (sensitivity),4,CQR-TI,5218,5218,5220,0.0188009674070809,0.918800967407081,0.93007662835249,26.1615511285893,11.6174508646063,49.8537615109431,0.0078544061302682,0.0620689655172414,1.11459507677167,1.41790053780081
meps_utilization,MEPS 2016 health-care utilization (sensitivity),4,Parametric-TI,5218,5218,5220,0.0188009674070809,0.918800967407081,0.924521072796935,21.624522340863,13.2380407714273,46.7572621374548,0.0193486590038314,0.0561302681992337,1.11459507677167,1.41790053780081
meps_utilization,MEPS 2016 health-care utilization (sensitivity),5,SR-TI,5218,5218,5220,0.0188009674070809,0.918800967407081,0.917241379310345,34.0450311608283,10.797276322899,65.9502241113787,0.0166666666666667,0.0660919540229885,1.23869276839772,1.27914035842529
meps_utilization,MEPS 2016 health-care utilization (sensitivity),5,ASR-TI,5218,5218,5220,0.0188009674070809,0.918800967407081,0.919540229885057,35.3436048597634,11.0823144986708,67.7399579457607,0.017816091954023,0.0626436781609195,1.23869276839772,1.27914035842529
meps_utilization,MEPS 2016 health-care utilization (sensitivity),5,CQR-TI,5218,5218,5220,0.0188009674070809,0.918800967407081,0.924521072796935,26.4700596646374,12.3071746431592,46.0342151764876,0.0128352490421456,0.0626436781609195,1.23869276839772,1.27914035842529
meps_utilization,MEPS 2016 health-care utilization (sensitivity),5,Parametric-TI,5218,5218,5220,0.0188009674070809,0.918800967407081,0.921647509578544,21.3797731368711,12.7049634013967,47.0201269041704,0.0183908045977012,0.0599616858237548,1.23869276839772,1.27914035842529
meps_utilization,MEPS 2016 health-care utilization (sensitivity),6,SR-TI,5218,5218,5220,0.0188009674070809,0.918800967407081,0.920306513409962,28.1451021327443,11.5107819729415,53.6546926039503,0.0170498084291188,0.0626436781609195,1.23896242279167,1.35414895419095
meps_utilization,MEPS 2016 health-care utilization (sensitivity),6,ASR-TI,5218,5218,5220,0.0188009674070809,0.918800967407081,0.923180076628352,30.9849750480587,12.3908873604406,58.5284309119822,0.0203065134099617,0.0565134099616858,1.23896242279167,1.35414895419095
meps_utilization,MEPS 2016 health-care utilization (sensitivity),6,CQR-TI,5218,5218,5220,0.0188009674070809,0.918800967407081,0.930842911877395,25.1220654473322,12.938476586082,44.9597937706284,0.010727969348659,0.0584291187739464,1.23896242279167,1.35414895419095
meps_utilization,MEPS 2016 health-care utilization (sensitivity),6,Parametric-TI,5218,5218,5220,0.0188009674070809,0.918800967407081,0.924521072796935,21.9879066155264,13.2612634249385,45.9584581674983,0.0197318007662835,0.0557471264367816,1.23896242279167,1.35414895419095
meps_utilization,MEPS 2016 health-care utilization (sensitivity),7,SR-TI,5218,5218,5220,0.0188009674070809,0.918800967407081,0.918007662835249,35.8557925609191,10.846835294476,66.613347767864,0.0222222222222222,0.0597701149425287,1.24406144883504,1.3786230780128
meps_utilization,MEPS 2016 health-care utilization (sensitivity),7,ASR-TI,5218,5218,5220,0.0188009674070809,0.918800967407081,0.917432950191571,39.7640818248603,11.6357360624993,72.9850749267959,0.0293103448275862,0.0532567049808429,1.24406144883504,1.3786230780128
meps_utilization,MEPS 2016 health-care utilization (sensitivity),7,CQR-TI,5218,5218,5220,0.0188009674070809,0.918800967407081,0.931609195402299,27.2942224249248,11.4616824253842,49.4371467901709,0.00900383141762452,0.0593869731800766,1.24406144883504,1.3786230780128
meps_utilization,MEPS 2016 health-care utilization (sensitivity),7,Parametric-TI,5218,5218,5220,0.0188009674070809,0.918800967407081,0.917624521072797,20.7212895144207,12.1396391186823,44.0162020751244,0.0229885057471264,0.0593869731800766,1.24406144883504,1.3786230780128
meps_utilization,MEPS 2016 health-care utilization (sensitivity),8,SR-TI,5218,5218,5220,0.0188009674070809,0.918800967407081,0.920114942528736,28.9317230501156,11.2139376101797,62.0980055002139,0.0204980842911877,0.0593869731800766,1.19560670159995,1.36606811799859
meps_utilization,MEPS 2016 health-care utilization (sensitivity),8,ASR-TI,5218,5218,5220,0.0188009674070809,0.918800967407081,0.923563218390805,34.075934233814,12.6201922534295,72.1863017364867,0.0277777777777778,0.0486590038314176,1.19560670159995,1.36606811799859
meps_utilization,MEPS 2016 health-care utilization (sensitivity),8,CQR-TI,5218,5218,5220,0.0188009674070809,0.918800967407081,0.930268199233717,24.5959132269589,12.3829729853727,47.2960196773694,0.0124521072796935,0.05727969348659,1.19560670159995,1.36606811799859
meps_utilization,MEPS 2016 health-care utilization (sensitivity),8,Parametric-TI,5218,5218,5220,0.0188009674070809,0.918800967407081,0.932183908045977,22.0725941005106,13.572014543271,47.1646183001904,0.0208812260536398,0.0469348659003831,1.19560670159995,1.36606811799859
meps_utilization,MEPS 2016 health-care utilization (sensitivity),9,SR-TI,5218,5218,5220,0.0188009674070809,0.918800967407081,0.925670498084291,34.0060443415946,11.0257284484922,66.5446006857747,0.0183908045977012,0.0559386973180077,1.20462081663077,1.32671765703108
meps_utilization,MEPS 2016 health-care utilization (sensitivity),9,ASR-TI,5218,5218,5220,0.0188009674070809,0.918800967407081,0.927394636015326,37.209687142706,11.7200194539984,71.3457974096437,0.0222222222222222,0.0503831417624521,1.20462081663077,1.32671765703108
meps_utilization,MEPS 2016 health-care utilization (sensitivity),9,CQR-TI,5218,5218,5220,0.0188009674070809,0.918800967407081,0.937547892720307,27.8302929546419,12.0719923894809,50.0915734861772,0.00632183908045977,0.0561302681992337,1.20462081663077,1.32671765703108
meps_utilization,MEPS 2016 health-care utilization (sensitivity),9,Parametric-TI,5218,5218,5220,0.0188009674070809,0.918800967407081,0.928735632183908,22.6294482374253,13.0550451519443,50.4437778950878,0.021455938697318,0.0498084291187739,1.20462081663077,1.32671765703108
meps_utilization,MEPS 2016 health-care utilization (sensitivity),10,SR-TI,5218,5218,5220,0.0188009674070809,0.918800967407081,0.922605363984674,33.4728688145126,12.3670880479753,59.4987288531828,0.0199233716475096,0.0574712643678161,1.21566913307455,1.35916211291139
meps_utilization,MEPS 2016 health-care utilization (sensitivity),10,ASR-TI,5218,5218,5220,0.0188009674070809,0.918800967407081,0.926436781609195,38.626755093885,13.6756048954393,67.2442453134107,0.0264367816091954,0.0471264367816092,1.21566913307455,1.35916211291139
meps_utilization,MEPS 2016 health-care utilization (sensitivity),10,CQR-TI,5218,5218,5220,0.0188009674070809,0.918800967407081,0.940229885057471,27.2693547052869,11.7948367991519,49.1077054551785,0,0.0597701149425287,1.21566913307455,1.35916211291139
meps_utilization,MEPS 2016 health-care utilization (sensitivity),10,Parametric-TI,5218,5218,5220,0.0188009674070809,0.918800967407081,0.926053639846743,21.5465511353123,13.0418459207222,44.95977239465,0.0204980842911877,0.053448275862069,1.21566913307455,1.35916211291139
meps_utilization,MEPS 2016 health-care utilization (sensitivity),11,SR-TI,5218,5218,5220,0.0188009674070809,0.918800967407081,0.92816091954023,31.2995988053829,12.1125419168639,56.073109963305,0.0164750957854406,0.0553639846743295,1.20463470579148,1.36603646816338
meps_utilization,MEPS 2016 health-care utilization (sensitivity),11,ASR-TI,5218,5218,5220,0.0188009674070809,0.918800967407081,0.928352490421456,34.9016418745838,13.1878726658667,62.1699161708307,0.0227969348659004,0.0488505747126437,1.20463470579148,1.36603646816338
meps_utilization,MEPS 2016 health-care utilization (sensitivity),11,CQR-TI,5218,5218,5220,0.0188009674070809,0.918800967407081,0.931800766283525,26.1826158660399,12.1487747739765,45.1941137501827,0.00823754789272031,0.0599616858237548,1.20463470579148,1.36603646816338
meps_utilization,MEPS 2016 health-care utilization (sensitivity),11,Parametric-TI,5218,5218,5220,0.0188009674070809,0.918800967407081,0.928735632183908,23.0567047990318,13.2603328041309,47.8494226721445,0.0172413793103448,0.0540229885057471,1.20463470579148,1.36603646816338
meps_utilization,MEPS 2016 health-care utilization (sensitivity),12,SR-TI,5218,5218,5220,0.0188009674070809,0.918800967407081,0.918390804597701,33.7680878772942,11.0848448677648,60.4423458319587,0.0206896551724138,0.0609195402298851,1.21746458090745,1.32381192700231
meps_utilization,MEPS 2016 health-care utilization (sensitivity),12,ASR-TI,5218,5218,5220,0.0188009674070809,0.918800967407081,0.915708812260536,36.1278160737616,11.6333441956977,63.4607759985727,0.0272030651340996,0.057088122605364,1.21746458090745,1.32381192700231
meps_utilization,MEPS 2016 health-care utilization (sensitivity),12,CQR-TI,5218,5218,5220,0.0188009674070809,0.918800967407081,0.936015325670498,30.2913071206369,11.8228478443994,56.4096065258279,0.00766283524904215,0.0563218390804598,1.21746458090745,1.32381192700231
meps_utilization,MEPS 2016 health-care utilization (sensitivity),12,Parametric-TI,5218,5218,5220,0.0188009674070809,0.918800967407081,0.924521072796935,21.9160049893353,12.8846498890445,45.7293270517765,0.0226053639846743,0.0528735632183908,1.21746458090745,1.32381192700231
meps_utilization,MEPS 2016 health-care utilization (sensitivity),13,SR-TI,5218,5218,5220,0.0188009674070809,0.918800967407081,0.921647509578544,35.5246811520042,12.1789079248216,71.9679714394668,0.0222222222222222,0.0561302681992337,1.23240571830536,1.2888021169606
meps_utilization,MEPS 2016 health-care utilization (sensitivity),13,ASR-TI,5218,5218,5220,0.0188009674070809,0.918800967407081,0.923563218390805,37.5335049437209,12.6887041906955,75.7241761544439,0.0247126436781609,0.0517241379310345,1.23240571830536,1.2888021169606
meps_utilization,MEPS 2016 health-care utilization (sensitivity),13,CQR-TI,5218,5218,5220,0.0188009674070809,0.918800967407081,0.938697318007663,28.0692990921491,13.0528417683945,52.0010593243989,0.00881226053639847,0.0524904214559387,1.23240571830536,1.2888021169606
meps_utilization,MEPS 2016 health-care utilization (sensitivity),13,Parametric-TI,5218,5218,5220,0.0188009674070809,0.918800967407081,0.91992337164751,22.1264273820559,12.7726139030714,46.0771945725463,0.0272030651340996,0.0528735632183908,1.23240571830536,1.2888021169606
meps_utilization,MEPS 2016 health-care utilization (sensitivity),14,SR-TI,5218,5218,5220,0.0188009674070809,0.918800967407081,0.925095785440613,30.3200058227708,11.6342769570784,60.8161458720825,0.021264367816092,0.053639846743295,1.17778101652142,1.41658626490038
meps_utilization,MEPS 2016 health-care utilization (sensitivity),14,ASR-TI,5218,5218,5220,0.0188009674070809,0.918800967407081,0.924904214559387,36.0984454629278,13.2354418175139,71.4395658283425,0.0318007662835249,0.0432950191570881,1.17778101652142,1.41658626490038
meps_utilization,MEPS 2016 health-care utilization (sensitivity),14,CQR-TI,5218,5218,5220,0.0188009674070809,0.918800967407081,0.935057471264368,25.1932867414266,11.7825111242967,47.4664632127479,0.00881226053639847,0.0561302681992337,1.17778101652142,1.41658626490038
meps_utilization,MEPS 2016 health-care utilization (sensitivity),14,Parametric-TI,5218,5218,5220,0.0188009674070809,0.918800967407081,0.918199233716475,20.2090053810809,12.0385071965647,42.8339563548,0.0239463601532567,0.0578544061302682,1.17778101652142,1.41658626490038
meps_utilization,MEPS 2016 health-care utilization (sensitivity),15,SR-TI,5218,5218,5220,0.0188009674070809,0.918800967407081,0.925670498084291,29.1794977581937,11.2874563126487,61.4906943101629,0.0181992337164751,0.0561302681992337,1.29573904839129,1.30796296523618
meps_utilization,MEPS 2016 health-care utilization (sensitivity),15,ASR-TI,5218,5218,5220,0.0188009674070809,0.918800967407081,0.926245210727969,29.6308699838154,11.436025489406,62.4114411635498,0.0187739463601533,0.0549808429118774,1.29573904839129,1.30796296523618
meps_utilization,MEPS 2016 health-care utilization (sensitivity),15,CQR-TI,5218,5218,5220,0.0188009674070809,0.918800967407081,0.937931034482759,26.5272274588016,12.317790390963,44.8087546080537,0.00689655172413793,0.0551724137931035,1.29573904839129,1.30796296523618
meps_utilization,MEPS 2016 health-care utilization (sensitivity),15,Parametric-TI,5218,5218,5220,0.0188009674070809,0.918800967407081,0.9227969348659,21.2818636399772,12.4424457016854,44.2064630704409,0.0226053639846743,0.0545977011494253,1.29573904839129,1.30796296523618
meps_utilization,MEPS 2016 health-care utilization (sensitivity),16,SR-TI,5218,5218,5220,0.0188009674070809,0.918800967407081,0.913984674329502,27.9079539289846,11.2593357757628,62.1757816971015,0.0195402298850575,0.0664750957854406,1.22091188174128,1.39168750563468
meps_utilization,MEPS 2016 health-care utilization (sensitivity),16,ASR-TI,5218,5218,5220,0.0188009674070809,0.918800967407081,0.911877394636015,30.7963255173634,12.1607890110475,67.7499085132022,0.0302681992337165,0.0578544061302682,1.22091188174128,1.39168750563468
meps_utilization,MEPS 2016 health-care utilization (sensitivity),16,CQR-TI,5218,5218,5220,0.0188009674070809,0.918800967407081,0.929885057471264,24.2508527302465,12.0550829787208,47.5691049061539,0.00842911877394636,0.0616858237547893,1.22091188174128,1.39168750563468
meps_utilization,MEPS 2016 health-care utilization (sensitivity),16,Parametric-TI,5218,5218,5220,0.0188009674070809,0.918800967407081,0.920306513409962,21.5535570992458,12.6043229010292,47.4210456369238,0.0208812260536398,0.0588122605363985,1.22091188174128,1.39168750563468
meps_utilization,MEPS 2016 health-care utilization (sensitivity),17,SR-TI,5218,5218,5220,0.0188009674070809,0.918800967407081,0.919157088122605,30.7011584115672,11.1425304651346,61.4678216191295,0.0185823754789272,0.0622605363984674,1.18163598380793,1.30814659433668
meps_utilization,MEPS 2016 health-care utilization (sensitivity),17,ASR-TI,5218,5218,5220,0.0188009674070809,0.918800967407081,0.918773946360153,33.6569444206022,11.8614373920417,66.3799630275289,0.0256704980842912,0.0555555555555556,1.18163598380793,1.30814659433668
meps_utilization,MEPS 2016 health-care utilization (sensitivity),17,CQR-TI,5218,5218,5220,0.0188009674070809,0.918800967407081,0.931226053639847,24.1775590639831,11.7114973946264,46.2634476593106,0.00804597701149425,0.060727969348659,1.18163598380793,1.30814659433668
meps_utilization,MEPS 2016 health-care utilization (sensitivity),17,Parametric-TI,5218,5218,5220,0.0188009674070809,0.918800967407081,0.91992337164751,20.1346212213393,12.5833605507391,42.8632513277607,0.0197318007662835,0.0603448275862069,1.18163598380793,1.30814659433668
meps_utilization,MEPS 2016 health-care utilization (sensitivity),18,SR-TI,5218,5218,5220,0.0188009674070809,0.918800967407081,0.917241379310345,31.8496387049563,11.0796005580157,59.1395921794276,0.0172413793103448,0.0655172413793104,1.2319678256834,1.34843824184201
meps_utilization,MEPS 2016 health-care utilization (sensitivity),18,ASR-TI,5218,5218,5220,0.0188009674070809,0.918800967407081,0.91455938697318,34.0884178734407,11.5647776572289,62.614551729392,0.0256704980842912,0.0597701149425287,1.2319678256834,1.34843824184201
meps_utilization,MEPS 2016 health-care utilization (sensitivity),18,CQR-TI,5218,5218,5220,0.0188009674070809,0.918800967407081,0.936206896551724,24.3648319324743,12.4682710374342,46.4944450322192,0.00670498084291188,0.057088122605364,1.2319678256834,1.34843824184201
meps_utilization,MEPS 2016 health-care utilization (sensitivity),18,Parametric-TI,5218,5218,5220,0.0188009674070809,0.918800967407081,0.919731800766284,19.7695558914164,12.3600322071528,42.5828102100762,0.0181992337164751,0.0620689655172414,1.2319678256834,1.34843824184201
meps_utilization,MEPS 2016 health-care utilization (sensitivity),19,SR-TI,5218,5218,5220,0.0188009674070809,0.918800967407081,0.91992337164751,27.5590312646295,10.9955314474178,59.416517424497,0.0191570881226054,0.0609195402298851,1.20657922216281,1.33648697935399
meps_utilization,MEPS 2016 health-care utilization (sensitivity),19,ASR-TI,5218,5218,5220,0.0188009674070809,0.918800967407081,0.917432950191571,29.8492882879243,11.7034939421022,64.1365282561181,0.0273946360153257,0.0551724137931035,1.20657922216281,1.33648697935399
meps_utilization,MEPS 2016 health-care utilization (sensitivity),19,CQR-TI,5218,5218,5220,0.0188009674070809,0.918800967407081,0.932375478927203,23.9789038274064,12.2650918348975,43.9519060354242,0.00996168582375479,0.0576628352490421,1.20657922216281,1.33648697935399
meps_utilization,MEPS 2016 health-care utilization (sensitivity),19,Parametric-TI,5218,5218,5220,0.0188009674070809,0.918800967407081,0.925287356321839,20.9914617320138,12.8423720700176,44.2701812431175,0.0189655172413793,0.0557471264367816,1.20657922216281,1.33648697935399
meps_utilization,MEPS 2016 health-care utilization (sensitivity),20,SR-TI,5218,5218,5220,0.0188009674070809,0.918800967407081,0.91992337164751,31.9921573477931,12.0468918833152,68.780552581751,0.0229885057471264,0.057088122605364,1.15778597958936,1.42493459104907
meps_utilization,MEPS 2016 health-care utilization (sensitivity),20,ASR-TI,5218,5218,5220,0.0188009674070809,0.918800967407081,0.917432950191571,38.9357703264384,13.9421842052298,82.460632491042,0.035823754789272,0.0467432950191571,1.15778597958936,1.42493459104907
meps_utilization,MEPS 2016 health-care utilization (sensitivity),20,CQR-TI,5218,5218,5220,0.0188009674070809,0.918800967407081,0.930842911877395,26.1738062614932,11.916077050217,54.5768876042012,0.0109195402298851,0.0582375478927203,1.15778597958936,1.42493459104907
meps_utilization,MEPS 2016 health-care utilization (sensitivity),20,Parametric-TI,5218,5218,5220,0.0188009674070809,0.918800967407081,0.923180076628352,21.9863263619717,13.0625052249848,48.5510102498561,0.0218390804597701,0.0549808429118774,1.15778597958936,1.42493459104907
